"Address","Content","Status Code","Status","Indexability","Indexability Status","Title 1","Title 1 Length","Title 1 Pixel Width","Meta Description 1","Meta Description 1 Length","Meta Description 1 Pixel Width","Meta Description 2","Meta Description 2 Length","Meta Description 2 Pixel Width","Meta Keyword 1","Meta Keywords 1 Length","H1-1","H1-1 length","H1-2","H1-2 length","H2-1","H2-1 length","H2-2","H2-2 length","Meta Robots 1","X-Robots-Tag 1","Meta Refresh 1","Canonical Link Element 1","rel=""next"" 1","rel=""prev"" 1","HTTP rel=""next"" 1","HTTP rel=""prev"" 1","Size (bytes)","Word Count","Text Ratio","Crawl Depth","Link Score","Inlinks","Unique Inlinks","% of Total","Outlinks","Unique Outlinks","External Outlinks","Unique External Outlinks","Hash","Response Time","Last Modified","Redirect URL","Redirect Type","URL Encoded Address"
"https://github.com/","text/html; charset=utf-8","200","OK","Indexable","","The world’s leading software development platform · GitHub","58","531","GitHub brings together the world’s largest community of developers to discover, share, and build better software. From open source projects to private team repositories, we’re your all-in-one platform for collaborative development.","231","1452","","0","0","","0","Built for developers","20","MGM Resorts International","25","Get started with GitHub Enterprise","34","See what launched at Universe","29","","","","https://github.com/","","","","","132917","978","4.6496572","0","","190","92","100.0","87","58","12","11","95d5965cced48bf8380ac1d7dd205c5f","0.269","","","","https://github.com/"
"https://github.com/security","text/html; charset=utf-8","200","OK","Indexable","","GitHub Security · GitHub","24","220","See how we keep GitHub secure. Our team of experts goes beyond industry standards to secure our platform, while building features that help you do the same.","156","1015","","0","0","","0","Security at GitHub","18","","0","Security","8","Features","8","","","","","","","","","65222","500","5.1739216","1","","195","92","100.0","68","43","17","16","dcd842fa6d14ad5974cf6b0bf90c9d34","0.151","","","","https://github.com/security"
"https://github.com/login","","0","Blocked by robots.txt","Non-Indexable","Blocked by robots.txt","","0","0","","0","0","","0","0","","0","","0","","0","","0","","0","","","","","","","","","0","0","0.0","1","","2","2","2.17","0","0","0","0","","","","","","https://github.com/login"
"https://github.com/enterprise","text/html; charset=utf-8","200","OK","Indexable","","Enterprise · A smarter way to work together · GitHub","52","469","Whether you’re working solo or leading an enterprise, GitHub has everything you need to build and scale your team’s workflow. Choose the plan that’s right for your hosting environment and security policies, and we’ll get you set up in no time.","243","1526","","0","0","","0","Loved by developers. Enhanced for enterprises.","46","Spotify","7","Your team’s best software starts here","37","Get end-to-end security","23","","","","","","","","","104047","761","4.779316","1","","259","92","100.0","82","50","12","11","1da21cbcaea7c7a4bff77b31b07f594d","0.28","","","","https://github.com/enterprise"
"https://github.com/customer-stories/mgm-resorts","text/html; charset=utf-8","200","OK","Indexable","","MGM Resorts International · GitHub","34","321","MGM Resorts International enhances customer experiences through technical innovation.","85","567","","0","0","","0","MGM Resorts International & GitHub","34","ADEO","4","More customer stories","21","What will your story be?","24","","","","","","","","","81705","1475","11.502071","1","","11","6","6.52","84","58","14","13","142c41b9a93611e15bc5a4e9a8b21c07","0.661","","","","https://github.com/customer-stories/mgm-resorts"
"https://github.com/pricing","text/html; charset=utf-8","200","OK","Indexable","","Pricing · Plans for every developer · GitHub","44","385","Whether you're starting an open source project or choosing new tools for your team, we’ve got you covered.","106","683","","0","0","","0","Plans for every developer","25","Compare features","16","Individuals","11","Teams","5","","","","","","","","","217931","863","2.8119242","1","","290","92","100.0","107","67","11","10","7892ea927323ef21402e4d101cdb684e","0.39","","","","https://github.com/pricing"
"https://github.com/customer-stories/yyx990803","text/html; charset=utf-8","200","OK","Indexable","","Evan You · GitHub","17","166","In 2013, Evan You founded Vue, a Javascript framework funded by the community on Patreon. In 2016, Vue reached 2,000,000 downloads.","131","884","","0","0","","0","Evan You","8","Leap Motion","11","Backstory","9","Responsiblities","15","","","","","","","","","76553","1275","10.248796","1","","10","5","5.43","85","59","13","12","17dc1088101cba2d2fea7716c9b5c10d","0.227","","","","https://github.com/customer-stories/yyx990803"
"https://github.com/collections","text/html; charset=utf-8","200","OK","Indexable","","Collections · GitHub","20","176","GitHub is where people build software. More than 40 million people use GitHub to discover, fork, and contribute to over 100 million projects.","141","881","","0","0","","0","Collections","11","","0","How to choose (and contribute to) your first open source project","64","Clean code linters","18","","","","","","","","","66147","651","6.338092","1","","104","92","100.0","85","61","11","10","98e1dd26cfa04e91dad84cb6a1064797","0.187","","","","https://github.com/collections"
"https://github.com/customer-stories/jessfraz","text/html; charset=utf-8","200","OK","Indexable","","Jess Frazelle · GitHub","22","197","Jess Frazelle works on Kubernetes full-time. Previously she maintained Docker, a software containerization platform used by thousands of teams.","143","920","","0","0","","0","Jess Frazelle","13","Omise","5","Backstory","9","Daily tasks","11","","","","","","","","","76685","1285","10.144454","1","","11","6","6.52","87","61","13","12","aa2352b8d46552d334812aa429fee47c","0.596","","","","https://github.com/customer-stories/jessfraz"
"https://github.com/features/code-review/","text/html; charset=utf-8","200","OK","Indexable","","Features · Code review · GitHub","31","287","Make code review seamless with GitHub. Request reviews, propose changes, keep track of versions, and protect branches on the path to better code with your team.","160","1046","","0","0","","0","Write better code","17","","0","Start with a pull request","25","Merge the highest quality code","30","","","","","","","","","195180","1074","3.5947914","1","","100","92","100.0","101","65","12","11","618a613aeee5bc9b9aac3983fee58b53","0.517","","","","https://github.com/features/code-review/"
"https://github.com/nonprofit","text/html; charset=utf-8","200","OK","Indexable","","GitHub for Nonprofits · GitHub","30","269","GitHub is where people build software. More than 40 million people use GitHub to discover, fork, and contribute to over 100 million projects.","141","881","","0","0","","0","GitHub for Good","15","","0","Nonprofit","9","Who is this for?","16","","","","","","","","","88949","328","2.4613585","1","","98","92","100.0","60","41","11","10","ad1ae4aaab28b072936c57b262b0cc4d","0.17","","","","https://github.com/nonprofit"
"https://github.com/features/project-management","text/html; charset=utf-8","200","OK","Indexable","","Features · Project management · GitHub","38","362","Keep projects transparent and on schedule with GitHub’s project management tools. From task assignments to project boards, you can organize work right alongside your code.","171","1115","","0","0","","0","Project management, made simple","31","","0","Start with an issue","19","Link issues and pull requests","29","","","","","","","","","194185","1079","3.5599623","1","","13","7","7.61","98","63","12","11","57d32d0d23cdfefe366658852a2ee382","0.239","","","","https://github.com/features/project-management"
"https://github.com/trending","text/html; charset=utf-8","200","OK","Indexable","","Trending repositories on GitHub today · GitHub","46","418","GitHub is where people build software. More than 40 million people use GitHub to discover, fork, and contribute to over 100 million projects.","141","881","","0","0","","0","Trending","8","marblexu / PythonPlantsVsZombies","32","Product","7","Platform","8","","","","https://github.com/trending","","","","","450252","1414","2.0930352","1","","106","92","100.0","804","771","11","10","3cd576b2edb152cd93d09c20ea54f9e6","1.342","","","","https://github.com/trending"
"https://github.com/features/packages","text/html; charset=utf-8","200","OK","Indexable","","GitHub Packages: Your packages, at home with their code · GitHub","64","600","With GitHub Packages you can safely publish and consume packages within your organization or with the entire world.","115","747","","0","0","","0","Your packages, at home with their code","38","","0","Publish privately for your team, or publicly for the open source community","74","Automate it all with GitHub Actions","35","","","","","","","","","672550","886","0.9272615","1","","99","92","100.0","59","39","11","10","23a6778685866d6b8c44a3ab1789e51f","0.197","","","","https://github.com/features/packages"
"https://github.com/features/security","text/html; charset=utf-8","200","OK","Indexable","","Features · Security · GitHub","28","249","GitHub is where people build software. More than 40 million people use GitHub to discover, fork, and contribute to over 100 million projects.","141","881","","0","0","","0","Securing software, together","27","","0","Find vulnerabilities that other tools miss","42","Defining the open source security workflow","42","","","","","","","","","486448","1247","1.8427523","1","","107","92","100.0","76","48","15","14","2b900f967f11dc798b49f5fe10c1eb2b","0.234","","","","https://github.com/features/security"
"https://github.com/customer-stories/nationwide","text/html; charset=utf-8","200","OK","Indexable","","Nationwide · GitHub","19","177","After leaving antiquated tools behind, Nationwide is now a collaborative, open organization","91","571","","0","0","","0","Nationwide & GitHub","19","Enova International","19","More customer stories","21","What will your story be?","24","","","","","","","","","82836","1775","13.710703","1","","13","8","8.7","84","58","15","14","287beed3d64d6ee4102224dfc764c3b7","0.145","","","","https://github.com/customer-stories/nationwide"
"https://github.com/features/integrations","text/html; charset=utf-8","200","OK","Indexable","","Features · Developer tools and integrations · GitHub","52","463","There’s no limit to the ways you can build on GitHub. Fine tune your process as your team changes and find new ways to work better with a variety of integrations for code review, project management, continuous integration, and more.","232","1482","","0","0","","0","Built to grow","13","","0","Discover new tools","18","Build on GitHub","15","","","","","","","","","186430","816","2.8398905","1","","106","92","100.0","89","58","11","10","30e095deba27089cb28a17089a2e24e9","0.165","","","","https://github.com/features/integrations"
"https://github.com/customer-stories/spotify","text/html; charset=utf-8","200","OK","Indexable","","Spotify · GitHub","16","141","Spotify developers meet 217 million monthly listeners where they are with seamless collaboration, continuous integration, and GitHub Enterprise","143","910","","0","0","","0","Spotify & GitHub","16","CoverMyMeds","11","More customer stories","21","What will your story be?","24","","","","","","","","","82844","1749","13.438381","1","","12","7","7.61","84","58","15","14","99a764681104dc52a785dbcfe183aab6","0.203","","","","https://github.com/customer-stories/spotify"
"https://github.com/customer-stories/freakboy3742","text/html; charset=utf-8","200","OK","Indexable","","Russell Keith-Magee · GitHub","28","263","Russell Keith-Magee created BeeWare to fill a gap in his own process. Today, BeeWare is the go-to project for supporting Python on every platform.","146","936","","0","0","","0","Russell Keith-Magee","19","American Airlines","17","Backstory","9","Daily tasks","11","","","","","","","","","81470","1970","14.634146","1","","9","4","4.35","84","58","13","11","de8916d61c5c523dd35d53af52655043","0.182","","","","https://github.com/customer-stories/freakboy3742"
"https://github.com/features/project-management/","text/html; charset=utf-8","200","OK","Indexable","","Features · Project management · GitHub","38","362","Keep projects transparent and on schedule with GitHub’s project management tools. From task assignments to project boards, you can organize work right alongside your code.","171","1115","","0","0","","0","Project management, made simple","31","","0","Start with an issue","19","Link issues and pull requests","29","","","","","","","","","194186","1079","3.5599442","1","","100","92","100.0","98","63","12","11","e53edab60bc37c2c014f4283147d8af4","0.217","","","","https://github.com/features/project-management/"
"https://github.com/about/press","text/html; charset=utf-8","200","OK","Indexable","","Press · GitHub","14","131","GitHub is where people build software. More than 40 million people use GitHub to discover, fork, and contribute to over 100 million projects.","141","881","","0","0","","0","Press","5","","0","Product","7","Platform","8","","","","","","","","","188843","2508","9.447965","1","","99","92","100.0","59","40","211","209","520ab08f9f62431d61ee69c837984cd3","0.201","","","","https://github.com/about/press"
"https://github.com/features/actions","text/html; charset=utf-8","200","OK","Indexable","","Features • GitHub Actions · GitHub","34","311","GitHub is where people build software. More than 40 million people use GitHub to discover, fork, and contribute to over 100 million projects.","141","881","","0","0","","0","Automate your workflow from idea to production","46","","0","Run a workflow on any GitHub event","34","Community-powered workflows","27","","","","","","","","","353838","2115","3.9920144","1","","241","92","100.0","89","53","15","13","86a896134ffb0ada4aaa4f48cd94c8","0.196","","","","https://github.com/features/actions"
"https://github.com/about/careers","text/html; charset=utf-8","200","OK","Indexable","","Careers · GitHub","16","151","GitHub is where people build software. More than 40 million people use GitHub to discover, fork, and contribute to over 100 million projects.","141","881","","0","0","","0","Come help us make collaboration even better","43","","0","Open positions","14","Internships","11","","","","","","","","","114100","1119","6.246658","1","","107","92","100.0","62","41","71","70","478ecc128cef4cf1f791918e10a24d18","0.172","","","","https://github.com/about/careers"
"https://github.com/marketplace","text/html; charset=utf-8","200","OK","Indexable","","Marketplace · Tools to improve your workflow · GitHub","53","483","Find the tools that help your team build better, together.","58","353","GitHub integrates with hundreds of tools that help you and your team build software better, together.","101","634","","0","Extend GitHub","13","","0","List your tool on GitHub Marketplace","36","Product","7","","","","","","","","","139625","915","4.4568605","1","","101","92","100.0","176","114","11","10","8a77261f354e5d7d0f87153fb021d1fc","0.514","","","","https://github.com/marketplace"
"https://github.com/features","text/html; charset=utf-8","200","OK","Indexable","","Features · The right tools for the job · GitHub","47","400","With collaborative code review, project management, documentation support, and hosting in one place, GitHub has everything you need to build and scale your team’s workflow.","172","1116","","0","0","","0","How developers work","19","","0","Automate from code to cloud","27","Securing software, together","27","","","","","","","","","100809","1710","10.543769","1","","394","92","100.0","99","63","15","14","f82706a8d9efdac6eb4325864a84361e","0.17","","","","https://github.com/features"
"https://github.com/about","text/html; charset=utf-8","200","OK","Indexable","","About · GitHub","14","132","Founded in 2007, GitHub has brought millions of developers together to discover, share, and build better software. Learn more about our executives, careers, products, and community.","181","1166","","0","0","","0","GitHub is how people build software","35","","0","Product","7","Platform","8","","","","","","","","","55233","339","3.8543742","1","","105","92","100.0","61","41","14","11","379c04d0c52d1d306721ea27f960660a","0.137","","","","https://github.com/about"
"https://github.com/features/code-review","text/html; charset=utf-8","200","OK","Indexable","","Features · Code review · GitHub","31","287","Make code review seamless with GitHub. Request reviews, propose changes, keep track of versions, and protect branches on the path to better code with your team.","160","1046","","0","0","","0","Write better code","17","","0","Start with a pull request","25","Merge the highest quality code","30","","","","","","","","","195178","1074","3.5948281","1","","13","7","7.61","101","65","12","11","4652ef5cb36aced7c52624c4274f3b49","0.206","","","","https://github.com/features/code-review"
"https://github.com/customer-stories","text/html; charset=utf-8","302","Found","Non-Indexable","Redirected","","0","0","","0","0","","0","0","","0","","0","","0","","0","","0","","","","","","","","","0","0","0.0","1","","296","92","100.0","0","0","0","0","","0.111","","https://github.com/customer-stories?type=enterprise","HTTP Redirect","https://github.com/customer-stories"
"https://github.com/business","text/html; charset=utf-8","302","Found","Non-Indexable","Redirected","","0","0","","0","0","","0","0","","0","","0","","0","","0","","0","","","","","","","","","0","0","0.0","1","","4","2","2.17","0","0","0","0","","0.108","","https://github.com/enterprise","HTTP Redirect","https://github.com/business"
"https://github.com/customer-stories/sap","text/html; charset=utf-8","200","OK","Indexable","","SAP · GitHub","12","119","The world’s largest provider of business software makes room for new ideas on GitHub Enterprise.","96","623","","0","0","","0","SAP & GitHub","12","Jibo, Inc.","10","More customer stories","21","What will your story be?","24","","","","","","","","","84754","1852","13.822148","1","","10","5","5.43","83","57","17","16","980db141459afa6782671d656f22cc46","0.218","","","","https://github.com/customer-stories/sap"
"https://github.com/customer-stories/kris-nova","text/html; charset=utf-8","200","OK","Indexable","","Kris Nova · GitHub","18","166","Kris Nova quickly developed a passion for open source software. Now she gets to work on open source tooling at her day job, which includes maintaining Kubernetes Operations (kops).","180","1165","","0","0","","0","Kris Nova","9","American Airlines","17","Backstory","9","Daily tasks","11","","","","","","","","","77133","1444","10.792282","1","","10","5","5.43","86","59","12","11","aa326ee017b24ec45621ff27eccdcebf","0.321","","","","https://github.com/customer-stories/kris-nova"
"https://github.com/topics","text/html; charset=utf-8","200","OK","Indexable","","Topics on GitHub · GitHub","25","234","GitHub is where people build software. More than 40 million people use GitHub to discover, fork, and contribute to over 100 million projects.","141","881","","0","0","","0","Topics","6","","0","All featured topics","19","Popular topics","14","","","","","","","","","191664","1618","5.4700384","1","","104","92","100.0","275","247","11","10","720bc179604868058ad71cb33d7d0f8c","0.471","","","","https://github.com/topics"
"https://github.com/explore","text/html; charset=utf-8","200","OK","Indexable","","Explore GitHub · GitHub","23","215","Explore is your guide to finding your next project, catching up with what’s trending, and connecting with the GitHub community.","127","798","","0","0","","0","marblexu / PythonPlantsVsZombies","32","redox-os / orbtk","16","Join GitHub (or sign in) to find projects, people, and topics catered to your interests.","88","Here's what's popular on GitHub today...","40","","","","","","","","","272813","1428","3.6355093","1","","105","92","100.0","411","319","18","16","9fa41a11c2004e93d5224a30de09ecd7","1.681","","","","https://github.com/explore"
"https://github.com/customer-stories/uminn","text/html; charset=utf-8","200","OK","Indexable","","University of Minnesota · GitHub","32","288","Learn how the University of Minnesota built a ""social network for collaborating on code"" with GitHub.","101","631","","0","0","","0","University of Minnesota & GitHub","32","HubSpot","7","GitHub use at the University of Minnesota by the numbers","56","More customer stories","21","","","","","","","","","79322","1545","12.284866","2","","12","7","7.61","84","58","12","11","dbd0fb18346b08c06ad34cf8f8727776","0.182","","","","https://github.com/customer-stories/uminn"
"https://github.com/customer-stories/qualcomm","text/html; charset=utf-8","200","OK","Indexable","","Qualcomm · GitHub","17","177","Using GitHub in unconventional ways leads to innovation and efficiency.","71","453","","0","0","","0","Qualcomm & GitHub","17","BCG GAMMA","9","More customer stories","21","What will your story be?","24","","","","","","","","","85750","1916","14.281705","2","","9","4","4.35","84","58","16","15","e84eef3e0fc471d34cf8302540500d71","0.605","","","","https://github.com/customer-stories/qualcomm"
"https://github.com/explore/email","text/html; charset=utf-8","200","OK","Indexable","","Explore email newsletter · GitHub","33","297","GitHub is where people build software. More than 40 million people use GitHub to discover, fork, and contribute to over 100 million projects.","141","881","","0","0","","0","Explore email newsletter","24","","0","Product","7","Platform","8","","","","","","","","","55601","303","3.433013","2","","7","2","2.17","64","42","11","10","ae5dceb25400a2088a871437d61e51bf","0.144","","","","https://github.com/explore/email"
"https://github.com/security/team","text/html; charset=utf-8","200","OK","Indexable","","Meet the GitHub Security Team · GitHub","38","362","The GitHub Security Team is here to protect your data and address your concerns, from systems to incident response.","115","750","","0","0","","0","Security experts you can trust","30","","0","Teams","5","Product","7","","","","","","","","","53065","382","4.7867727","2","","12","4","4.35","63","42","11","10","5d0c24f3f37b685a8c7a5c65aea6e79c","0.141","","","","https://github.com/security/team"
"https://github.com/security/incident-response","text/html; charset=utf-8","200","OK","Indexable","","GitHub Incident Response · GitHub","33","313","Security incidents happen. We have a plan for when they do.","59","384","","0","0","","0","Incidents happen. We plan for when they do.","43","","0","Incident Response","17","Our commitment","14","","","","","","","","","58573","694","7.659197","2","","11","4","4.35","71","45","11","10","47a92fdcccdf9380cc63ef1eff7658a3","0.157","","","","https://github.com/security/incident-response"
"https://github.com/security/trust","text/html; charset=utf-8","200","OK","Indexable","","Trust and privacy at GitHub · GitHub","36","325","We go beyond industry standards to keep your projects safe. Find the policies and processes that keep your code secure, including audits, assessments, and compliance.","166","1075","","0","0","","0","Build on a foundation you can trust","35","","0","Trust and privacy","17","Data privacy and protection","27","","","","","","","","","61211","817","8.658971","2","","12","4","4.35","64","44","22","19","ab3a5b6fe39949d96a695059214372b9","0.149","","","","https://github.com/security/trust"
"https://github.com/features/package-registry","text/html; charset=utf-8","302","Found","Non-Indexable","Redirected","","0","0","","0","0","","0","0","","0","","0","","0","","0","","0","","","","","","","","","0","0","0.0","2","","142","64","69.57","0","0","0","0","","0.11","","https://github.com/features/packages","HTTP Redirect","https://github.com/features/package-registry"
"https://github.com/customer-stories/stripe","text/html; charset=utf-8","200","OK","Indexable","","Stripe · GitHub","15","132","Stripe’s commitment to open source on GitHub creates a friendly and empowering experience for all developers.","109","710","","0","0","","0","Stripe & GitHub","15","Kakao","5","More customer stories","21","What will your story be?","24","","","","","","","","","85913","1991","15.112288","2","","9","4","4.35","85","59","16","15","6bc413d4a7ea972b5cbeb24c2acae539","0.198","","","","https://github.com/customer-stories/stripe"
"https://github.com/customer-stories/pinterest","text/html; charset=utf-8","200","OK","Indexable","","Pinterest · GitHub","18","159","A fixture in the open source community, Pinterest has relied on GitHub from the start.","86","538","","0","0","","0","Pinterest & GitHub","18","American Airlines","17","More customer stories","21","What will your story be?","24","","","","","","","","","80984","1452","11.656616","2","","14","9","9.78","88","61","17","16","396bfcdc77ad2ffde23569843884dfdc","0.197","","","","https://github.com/customer-stories/pinterest"
"https://github.com/customer-stories/adeo","text/html; charset=utf-8","200","OK","Indexable","","ADEO · GitHub","13","136","ADEO works more efficiently across teams and time zones with a global innersource program.","90","594","","0","0","","0","ADEO & GitHub","13","Jibo, Inc.","10","More customer stories","21","What will your story be?","24","","","","","","","","","81922","1627","12.780409","2","","11","6","6.52","83","57","15","14","6e7f4b5238d1847be34bfd0520fa5d7","0.211","","","","https://github.com/customer-stories/adeo"
"https://github.com/customer-stories/hootsuite","text/html; charset=utf-8","200","OK","Indexable","","Hootsuite · GitHub","18","164","Since 2009, the company has grown from a basic Twitter tool into a comprehensive platform that employs more than 700 people.","124","816","","0","0","","0","Hootsuite & GitHub","18","Jibo, Inc.","10","What developers already knew","28","One, secure place for code","26","","","","","","","","","77492","1217","10.062666","2","","7","2","2.17","84","58","12","11","cf2334c28dcfb71c9fd315dcab526e5c","0.264","","","","https://github.com/customer-stories/hootsuite"
"https://github.com/customer-stories/hubspot","text/html; charset=utf-8","200","OK","Indexable","","HubSpot · GitHub","16","157","With over 35 teams of developers working on a variety of projects, HubSpot uses GitHub Enterprise to craft a highly customized workflow, help developers efficiently communicate across teams, and build great software for a global audience.","238","1516","","0","0","","0","HubSpot & GitHub","16","Henry Zhu","9","A medium for conversation and feedback","38","Support for how HubSpot works best","34","","","","","","","","","78025","1293","10.512129","2","","14","9","9.78","84","58","12","11","c70979adc0739f8ab8ba429c5ae9c0b5","0.26","","","","https://github.com/customer-stories/hubspot"
"https://github.com/customer-stories/ford","text/html; charset=utf-8","200","OK","Indexable","","Ford · GitHub","13","121","Ford is building the modern car with innovative technologies and GitHub Enterprise.","83","528","","0","0","","0","Ford & GitHub","13","Russell Keith-Magee","19","More customer stories","21","What will your story be?","24","","","","","","","","","86609","1897","14.038907","2","","10","5","5.43","84","58","15","14","eb3ac171323e0611abc2a67945ce493b","0.187","","","","https://github.com/customer-stories/ford"
"https://github.com/customer-stories/delivery-hero","text/html; charset=utf-8","200","OK","Indexable","","Delivery Hero · GitHub","22","200","Delivery Hero built a central home for community, communication, and code on GitHub Enterprise.","95","621","","0","0","","0","Delivery Hero & GitHub","22","MGM Resorts International","25","More customer stories","21","What will your story be?","24","","","","","","","","","82598","1698","13.063582","2","","12","7","7.61","85","59","15","14","ac8ad016d281ffccb2db16206727767","0.177","","","","https://github.com/customer-stories/delivery-hero"
"https://github.com/customer-stories/leapmotion","text/html; charset=utf-8","200","OK","Indexable","","Leap Motion · GitHub","20","190","Leap Motion removes the barriers between people and technology. Learn how Leap Motion’s engineering team relies on GitHub Enterprise to connect people and code in the office","173","1136","","0","0","","0","Leap Motion & GitHub","20","CyberAgent","10","Code and collaboration, not chaos","33","Real-time communication with GitHub integrations","48","","","","","","","","","75567","1025","8.74692","2","","8","3","3.26","84","58","11","10","bb0746b4da9b9407f133ef872a0715df","0.219","","","","https://github.com/customer-stories/leapmotion"
"https://github.com/customer-stories/omise","text/html; charset=utf-8","200","OK","Indexable","","Omise · GitHub","14","138","Omise uses GitHub Enterprise to meet PCI compliance and scale globally","70","464","","0","0","","0","Omise & GitHub","14","HubSpot","7","More customer stories","21","What will your story be?","24","","","","","","","","","82641","1598","12.292758","2","","12","6","6.52","84","57","17","16","a934ee573eae63ef90ce357f3f37191e","0.182","","","","https://github.com/customer-stories/omise"
"https://github.com/customer-stories/ariya","text/html; charset=utf-8","200","OK","Indexable","","Ariya Hidayat · GitHub","22","198","When Ariya Hidayat is not a VP of Engineering, he maintains PhantomJS, one of the most popular tools used by companies to write automated integration test for web applications.","176","1133","","0","0","","0","Ariya Hidayat","13","Peak Money","10","Backstory","9","Daily tasks","11","","","","","","","","","75483","1025","8.375998","2","","10","5","5.43","84","58","12","11","f77ec43e3f7ead0197cb9f5e150e1e97","0.219","","","","https://github.com/customer-stories/ariya"
"https://github.com/customer-stories/coinbase","text/html; charset=utf-8","200","OK","Indexable","","Coinbase · GitHub","17","163","Coinbase creates a culture of empowerment while maintaining security or compliance","82","540","","0","0","","0","Coinbase & GitHub","17","Brett Cannon","12","Setting a new standard for transparency","39","A living model for security","27","","","","","","","","","77791","1393","11.628864","2","","10","5","5.43","84","58","11","10","c92ad8d39bdbc069c6a73fbc2c95aaf","0.231","","","","https://github.com/customer-stories/coinbase"
"https://github.com/customer-stories/skyscanner","text/html; charset=utf-8","200","OK","Indexable","","Skyscanner · GitHub","19","184","Skyscanner uses GitHub Enterprise to get travelers flying for less.","67","415","","0","0","","0","Skyscanner & GitHub","19","Qualcomm","8","More customer stories","21","What will your story be?","24","","","","","","","","","83682","1629","12.472291","2","","9","4","4.35","85","59","16","15","57dbb308f6db6be3ad30c5a750e3268e","0.375","","","","https://github.com/customer-stories/skyscanner"
"https://github.com/join","text/html; charset=utf-8","200","OK","Indexable","","Join GitHub · GitHub","20","184","GitHub is where people build software. More than 40 million people use GitHub to discover, fork, and contribute to over 100 million projects.","141","881","","0","0","","0","Create your account","19","","0","Verify your account","19","Product","7","","","","https://github.com/join","","","","","54862","257","3.0284245","2","","9","3","3.26","59","40","11","10","e8f7dce10582a9f726498f3ac18a04ca","0.272","","","","https://github.com/join"
"https://github.com/features/securitylab.github.com/tools/codeql","text/html; charset=utf-8","404","Not Found","Non-Indexable","Client Error","","0","0","","0","0","","0","0","","0","","0","","0","","0","","0","","","","","","","","","0","0","0.0","2","","1","1","1.09","0","0","0","0","","0.148","","","","https://github.com/features/securitylab.github.com/tools/codeql"
"https://github.com/customer-stories/media-assembly","text/html; charset=utf-8","200","OK","Indexable","","Media Assembly · GitHub","23","226","Discover how every team at Media Assembly is adopting open source ideology and social sharing with GitHub.","106","697","","0","0","","0","Media Assembly & GitHub","23","Delivery Hero","13","A modern work environment, powered by GitHub","44","Collaboration and creativity without sacrifices","47","","","","","","","","","76290","1002","8.602249","2","","9","4","4.35","84","58","13","12","c2eb8fd326c89872a910d340f112d14c","0.306","","","","https://github.com/customer-stories/media-assembly"
"https://github.com/trending/developers","text/html; charset=utf-8","200","OK","Indexable","","Trending developers on GitHub today · GitHub","44","412","GitHub is where people build software. More than 40 million people use GitHub to discover, fork, and contribute to over 100 million projects.","141","881","","0","0","","0","Trending","8","Patrick Thomson","15","Product","7","Platform","8","","","","https://github.com/trending/developers","","","","","428509","1373","2.1739485","2","","35","3","3.26","776","643","11","10","25835b6f8a39226e9c0942e9b14ce599","1.328","","","","https://github.com/trending/developers"
"https://github.com/customer-stories/timgraham","text/html; charset=utf-8","200","OK","Indexable","","Tim Graham · GitHub","19","192","Tim Graham started contributing to Django as part of a college research project. Now he helps maintain the popular web framework full time as a Django Fellow.","158","1014","","0","0","","0","Tim Graham","10","Enova International","19","Backstory","9","Daily tasks","11","","","","","","","","","77617","1230","9.806985","2","","9","4","4.35","84","58","23","20","752e1d47dfde5e3b0e1605e7a0f9c7cf","0.316","","","","https://github.com/customer-stories/timgraham"
"https://github.com/customer-stories/enova","text/html; charset=utf-8","200","OK","Indexable","","Enova International · GitHub","28","252","At Enova, the “Best Answer Wins”. Discover why GitHub Enterprise was the best answer for their innovative engineering teams.","124","803","","0","0","","0","Enova International & GitHub","28","Cruise Automation","17","More customer stories","21","What will your story be?","24","","","","","","","","","75686","983","8.319331","2","","10","5","5.43","84","58","12","11","47cbc4697a99c6617a3edd0a8172b0f0","0.427","","","","https://github.com/customer-stories/enova"
"https://github.com/customer-stories/nubank","text/html; charset=utf-8","200","OK","Indexable","","Nubank · GitHub","15","148","By prioritizing collaboration through open source practices, Nubank centers its DevOps on GitHub so they can focus on customers.","128","825","","0","0","","0","Nubank & GitHub","15","NASA’s Jet Propulsion Laboratory","32","More customer stories","21","What will your story be?","24","","","","","","","","","81070","1534","12.115891","2","","12","7","7.61","84","58","14","13","1e622959d2a411d41d5dfdc0caa8d50","0.183","","","","https://github.com/customer-stories/nubank"
"https://github.com/customer-stories/american-airlines","text/html; charset=utf-8","200","OK","Indexable","","American Airlines · GitHub","26","234","American Airlines fosters innovation by using GitHub as an incubator for ideas.","79","496","","0","0","","0","American Airlines & GitHub","26","Alicia Carr","11","More customer stories","21","What will your story be?","24","","","","","","","","","84336","1756","13.173567","2","","13","8","8.7","82","56","16","15","f49fbed7da7ad6740b9961f8a9872c72","0.165","","","","https://github.com/customer-stories/american-airlines"
"https://github.com/customer-stories/hzoo","text/html; charset=utf-8","200","OK","Indexable","","Henry Zhu · GitHub","18","173","Henry Zhu splits his time between working on Adobe’s Behance team and Babel, a popular JavaScript compiler used by companies like Facebook, Google, and Netflix.","160","1054","","0","0","","0","Henry Zhu","9","CoverMyMeds","11","Backstory","9","Daily tasks","11","","","","","","","","","84195","2058","14.858334","2","","11","6","6.52","99","72","23","22","bedccb4b1edebf4d3c994e90250d3819","0.248","","","","https://github.com/customer-stories/hzoo"
"https://github.com/customer-stories/covermymeds","text/html; charset=utf-8","200","OK","Indexable","","CoverMyMeds · GitHub","20","209","Learn how CoverMyMeds uses GitHub Enterprise to balance transparency and security in a highly regulated industry.","113","742","","0","0","","0","CoverMyMeds & GitHub","20","American Airlines","17","A more positive recruiting experience","37","Collaboration in a regulated industry","37","","","","","","","","","77284","1187","9.903992","2","","10","5","5.43","84","58","12","11","b4cd1640d830b615c96ce99b583564f1","0.403","","","","https://github.com/customer-stories/covermymeds"
"https://github.com/customer-stories/trainline","text/html; charset=utf-8","200","OK","Indexable","","Trainline · GitHub","18","155","Trainline started as a call center for booking train tickets. Fifteen years later, they’re on a mission to help their customers make smarter rail journeys.","155","938","","0","0","","0","Trainline & GitHub","18","Jess Frazelle","13","A secure platform for automation","32","A culture of self service","25","","","","","","","","","79285","1148","9.607053","2","","8","3","3.26","84","58","12","11","9dfac899d0b7472c2dd7fdc76df5894f","0.292","","","","https://github.com/customer-stories/trainline"
"https://github.com/logos","text/html; charset=utf-8","200","OK","Indexable","","GitHub Logos and Usage · GitHub","31","304","GitHub is where people build software. More than 40 million people use GitHub to discover, fork, and contribute to over 100 million projects.","141","881","","0","0","","0","GitHub Logos and Usage","22","","0","Product","7","Platform","8","","","","","","","","","58835","485","5.0403023","2","","7","2","2.17","57","39","14","13","63d717b9ecaf73ad02b354f0e7c4cc5b","0.233","","","","https://github.com/logos"
"https://github.com/about/careers/remote","text/html; charset=utf-8","200","OK","Indexable","","Where we can hire · Careers · GitHub","36","336","GitHub is where people build software. More than 40 million people use GitHub to discover, fork, and contribute to over 100 million projects.","141","881","","0","0","","0","Where we can hire","17","","0","United States","13","Canada","6","","","","","","","","","52675","279","3.4925456","2","","7","2","2.17","60","39","11","10","71f256b57b981d8beed78dee31e4bc4d","0.255","","","","https://github.com/about/careers/remote"
"https://github.com/customer-stories/jibo","text/html; charset=utf-8","200","OK","Indexable","","Jibo, Inc. · GitHub","19","161","Jibo, the social robot, is brought to life by developers all over the world. See how these builders connect with the core team on GitHub.","137","848","","0","0","","0","Jibo, Inc. & GitHub","19","Pinterest","9","Building a world of work with GitHub","36","Bringing calm to development chaos","34","","","","","","","","","79886","1601","12.817973","2","","11","6","6.52","84","58","12","11","bb32b2001678009b07b69ffb97297d05","0.222","","","","https://github.com/customer-stories/jibo"
"https://github.com/customer-stories/brettcannon","text/html; charset=utf-8","200","OK","Indexable","","Brett Cannon · GitHub","21","198","Brett Cannon made his first open source contribution more than 15 years ago. Now a Software Engineer at Microsoft, he’s still a core contributor to Python, a project he has contributed to for more than a decade.","211","1333","","0","0","","0","Brett Cannon","12","The Hartford","12","Backstory","9","Daily tasks","11","","","","","","","","","78250","1491","11.40754","2","","12","7","7.61","85","59","15","14","3400bc992345795542fb783e2042d903","0.271","","","","https://github.com/customer-stories/brettcannon"
"https://github.com/about/leadership","text/html; charset=utf-8","200","OK","Indexable","","Leadership · GitHub","19","178","GitHub is where people build software. More than 40 million people use GitHub to discover, fork, and contribute to over 100 million projects.","141","881","","0","0","","0","Our leadership","14","","0","Nat Friedman","12","Nat Friedman","12","","","","","","","","","86896","1555","11.694715","2","","7","2","2.17","70","51","11","10","5ce42cbbd5d0ee81b2aeaf3bcc4720cc","0.167","","","","https://github.com/about/leadership"
"https://github.com/about/milestones","text/html; charset=utf-8","200","OK","Indexable","","GitHub Timeline · GitHub","24","222","GitHub is where people build software. More than 40 million people use GitHub to discover, fork, and contribute to over 100 million projects.","141","881","","0","0","","0","GitHub Milestones","17","","0","2019","4","2018","4","","","","","","","","","63707","617","6.345194","2","","7","2","2.17","58","40","11","10","6b6b7e9a736c59b44430aba5483b1217","0.259","","","","https://github.com/about/milestones"
"https://github.com/features/package-registry/","text/html; charset=utf-8","302","Found","Non-Indexable","Redirected","","0","0","","0","0","","0","0","","0","","0","","0","","0","","0","","","","","","","","","0","0","0.0","2","","1","1","1.09","0","0","0","0","","0.116","","https://github.com/features/packages","HTTP Redirect","https://github.com/features/package-registry/"
"https://github.com/features/integrations/","text/html; charset=utf-8","200","OK","Indexable","","Features · Developer tools and integrations · GitHub","52","463","There’s no limit to the ways you can build on GitHub. Fine tune your process as your team changes and find new ways to work better with a variety of integrations for code review, project management, continuous integration, and more.","232","1482","","0","0","","0","Built to grow","13","","0","Discover new tools","18","Build on GitHub","15","","","","","","","","","186431","816","2.8398752","2","","7","2","2.17","89","59","11","10","902a7f895d97eb7ab3818ce4c0d9f03c","0.368","","","","https://github.com/features/integrations/"
"https://github.com/features/actions/","text/html; charset=utf-8","200","OK","Indexable","","Features • GitHub Actions · GitHub","34","311","GitHub is where people build software. More than 40 million people use GitHub to discover, fork, and contribute to over 100 million projects.","141","881","","0","0","","0","Automate your workflow from idea to production","46","","0","Run a workflow on any GitHub event","34","Community-powered workflows","27","","","","","","","","","353946","2131","4.01202","2","","7","2","2.17","89","54","15","13","71baac933f02d4f5108455ba7fc32ba8","0.189","","","","https://github.com/features/actions/"
"https://github.com/about/diversity","text/html; charset=utf-8","200","OK","Indexable","","Diversity, inclusion, and belonging at GitHub · GitHub","54","471","Our diverse community is what allows us to innovate and push the boundaries of software development.","100","657","","0","0","","0","Diversity, inclusion, and belonging at GitHub","45","","0","Blacktocats Employee Resource Group","35","Octogatos Employee Resource Group","33","","","","","","","","","67460","1137","11.25369","2","","17","5","5.43","64","40","13","12","3bee9255a82c6386bf7ae108911d3e9a","0.146","","","","https://github.com/about/diversity"
"https://github.com/about/diversity/report","text/html; charset=utf-8","200","OK","Indexable","","Diversity, Inclusion, & Belonging at GitHub in 2019 · GitHub","60","526","We're proud to share the progress we've made over the past year and the work we're doing to push our company forward.","117","774","","0","0","","0","Diversity, inclusion, and belonging at GitHub","45","","0","GitHub by the numbers","21","Growing GitHub","14","","","","","","","","","109006","2019","12.519863","3","","33","2","2.17","87","40","21","19","2392792e969e54d1035cb280e377a3f2","0.213","","","","https://github.com/about/diversity/report"
"https://github.com/customer-stories/the-hartford","text/html; charset=utf-8","200","OK","Indexable","","The Hartford · GitHub","21","193","Through collaboration and innersourcing, The Hartford uses GitHub to evolve into a customer-centric insurance company.","118","770","","0","0","","0","The Hartford & GitHub","21","Alicia Carr","11","More customer stories","21","What will your story be?","24","","","","","","","","","82769","1556","12.105735","3","","8","3","3.26","84","58","15","14","214549bc4ab51525ceb1f43df6fe054c","0.199","","","","https://github.com/customer-stories/the-hartford"
"https://github.com/customer-stories/groupon","text/html; charset=utf-8","200","OK","Indexable","","Groupon · GitHub","16","158","Groupon is building the daily habit in local commerce — and building an engineering culture around the idea of open source. See how the company successfully scales its developer teams with GitHub.","196","1264","","0","0","","0","Groupon & GitHub","16","Spotify","7","Groupon on GitHub, a natural move","33","Scaling success with integrations","33","","","","","","","","","75237","983","8.374587","3","","9","4","4.35","84","58","11","10","566f5836d6681713feb3b8e798a34319","0.143","","","","https://github.com/customer-stories/groupon"
"https://github.com/customer-stories/jpl","text/html; charset=utf-8","200","OK","Indexable","","NASA’s Jet Propulsion Laboratory · GitHub","41","381","JPL shares their code and reach the farthest corners of the galaxy with GitHub Enterprise","89","565","","0","0","","0","NASA’s Jet Propulsion Laboratory & GitHub","41","Skyscanner","10","How JPL is integrating with GitHub","34","More customer stories","21","","","","","","","","","75975","1062","9.070056","3","","8","3","3.26","84","58","15","14","8c9506dcebf90a2238263fb19e676821","0.211","","","","https://github.com/customer-stories/jpl"
"https://github.com/customer-stories/cruise-automation","text/html; charset=utf-8","200","OK","Indexable","","Cruise Automation · GitHub","26","244","Cruise Automation trusts GitHub and CircleCI to ensure their code is secure and seamlessly developed. See how they keep their engineers on track.","145","937","","0","0","","0","Cruise Automation & GitHub","26","Peak Money","10","The Challenge Prior to CircleCI","31","The Solution","12","","","","","","","","","80031","1478","11.334351","3","","10","5","5.43","84","58","12","11","3e1f22adf9e151d6b0377ad6813d75d8","0.278","","","","https://github.com/customer-stories/cruise-automation"
"https://github.com/customer-stories/brother-industries","text/html; charset=utf-8","200","OK","Indexable","","Brother Industries · GitHub","27","239","Brother Industries stays ahead of their customer’s needs through cross-functional collaboration.","96","604","","0","0","","0","Brother Industries & GitHub","27","Lisa Lang","9","More customer stories","21","What will your story be?","24","","","","","","","","","78695","1173","9.960789","3","","9","4","4.35","84","58","13","12","431eef2e045832bdab94f4d0140106f0","0.175","","","","https://github.com/customer-stories/brother-industries"
"https://github.com/customer-stories/ch-robinson","text/html; charset=utf-8","200","OK","Indexable","","C.H. Robinson · GitHub","22","209","C.H. Robinson builds DevOps success that grows with their team.","63","414","","0","0","","0","C.H. Robinson & GitHub","22","XING","4","How C.H. Robinson integrates with GitHub","40","More customer stories","21","","","","","","","","","82617","1692","13.401949","3","","8","2","2.17","85","58","15","14","301ec0aa2c00bff4c45089961ab39884","0.205","","","","https://github.com/customer-stories/ch-robinson"
"https://github.com/customer-stories/continental","text/html; charset=utf-8","200","OK","Indexable","","Continental · GitHub","20","180","Continental embraces new tools and processes to redefine digital within the automotive industry","95","605","","0","0","","0","Continental & GitHub","20","Kris Nova","9","More customer stories","21","What will your story be?","24","","","","","","","","","83160","1701","13.482698","3","","9","4","4.35","84","58","14","13","7009c331b805301daf8d7be2c8aeffb7","0.22","","","","https://github.com/customer-stories/continental"
"https://github.com/customer-stories/mailchimp","text/html; charset=utf-8","200","OK","Indexable","","MailChimp · GitHub","18","173","See how a switch to GitHub Enterprise helped MailChimp reduce developer onboarding from three months to three days.","115","764","","0","0","","0","MailChimp & GitHub","18","Delivery Hero","13","A need to consolidate tools","27","Faster onboarding with familiar tools","37","","","","","","","","","80046","1220","9.790726","3","","8","2","2.17","85","58","12","11","854de1f6ef0a6a2cb1d6aa61bc81b10","0.603","","","","https://github.com/customer-stories/mailchimp"
"https://github.com/customer-stories/white-label-international-retailer","text/html; charset=utf-8","200","OK","Indexable","","White Label: International Retailer · GitHub","44","381","The world’s third largest retailer partners with GitHub to drive innovation through open source best practices.","111","686","","0","0","","0","White Label: International Retailer & GitHub","44","Omise","5","More customer stories","21","What will your story be?","24","","","","","","","","","84454","1242","9.607241","3","","10","5","5.43","84","58","13","12","fab337fd135340752eb676c6054c0b9e","0.309","","","","https://github.com/customer-stories/white-label-international-retailer"
"https://github.com/customer-stories/cyberagent","text/html; charset=utf-8","200","OK","Indexable","","CyberAgent · GitHub","19","185","See what inspired Junko Okuda to migrate more than 700 projects at CyberAgent to GitHub Enterprise.","99","652","","0","0","","0","CyberAgent & GitHub","19","Pinterest","9","More customer stories","21","What will your story be?","24","","","","","","","","","77756","994","8.421865","3","","11","6","6.52","84","58","12","11","2fe1aabf3a5b8873c3f48814f0fc01d1","0.193","","","","https://github.com/customer-stories/cyberagent"
"https://github.com/customer-stories/decathlon","text/html; charset=utf-8","200","OK","Indexable","","Decathlon · GitHub","18","169","The world’s largest sporting goods retail brand embraces open source to stay modern","83","543","","0","0","","0","Decathlon & GitHub","18","SAP","3","More customer stories","21","What will your story be?","24","","","","","","","","","84896","1789","13.3879","3","","9","4","4.35","84","58","15","14","775d42a6406bec5df865e15d8b872991","0.23","","","","https://github.com/customer-stories/decathlon"
"https://github.com/customer-stories/engie","text/html; charset=utf-8","200","OK","Indexable","","ENGIE · GitHub","14","142","Innersourcing is the cornerstone of a new culture within Engie","62","390","","0","0","","0","ENGIE & GitHub","14","Omise","5","More customer stories","21","What will your story be?","24","","","","","","","","","86790","1559","11.51864","3","","9","4","4.35","84","58","14","13","a31a88314c09761c9aab9b30d3cbd959","0.186","","","","https://github.com/customer-stories/engie"
"https://github.com/customer-stories/dominion","text/html; charset=utf-8","200","OK","Indexable","","Dominion Enterprises · GitHub","29","270","Find out how over 600 developers at Dominion Enterprises use GitHub to make their work more transparent.","104","686","","0","0","","0","Dominion Enterprises & GitHub","29","Media Assembly","14","What developers already use","27","Training for success","20","","","","","","","","","78206","1147","9.458023","3","","9","4","4.35","84","58","11","10","ab52c4b6a0c6b56acab92f0a7fe638ed","0.224","","","","https://github.com/customer-stories/dominion"
"https://github.com/customer-stories/kakao","text/html; charset=utf-8","200","OK","Indexable","","Kakao · GitHub","14","136","See how developers paved the way for technology changes at Kakao.","65","441","","0","0","","0","Kakao & GitHub","14","Nubank","6","Developers drive standardization","32","GitHub Enterprise was just the beginning","40","","","","","","","","","78864","1185","9.839166","3","","8","3","3.26","84","58","12","11","8b103cf4e26b69b5085ef218de56bc33","0.213","","","","https://github.com/customer-stories/kakao"
"https://github.com/customer-stories/mapbox","text/html; charset=utf-8","200","OK","Indexable","","Mapbox · GitHub","15","151","Mapbox, an open source company, uses GitHub to chart a course for success — making it the foundation that helps their business scale quickly and transparently with a globally-distributed workforce.","197","1258","","0","0","","0","Mapbox & GitHub","15","DAZN","4","An open source ethos, built on GitHub","37","Working towards seamless, more effective collaboration","54","","","","","","","","","78186","1227","10.048283","3","","10","5","5.43","84","58","12","11","1666f0941daade93b87407db5a980be8","0.163","","","","https://github.com/customer-stories/mapbox"
"https://github.com/customer-stories/bcg-gamma","text/html; charset=utf-8","200","OK","Indexable","","BCG GAMMA · GitHub","18","205","BCG GAMMA steps up its data analytics business with open source thinking and community building.","96","637","","0","0","","0","BCG GAMMA & GitHub","18","Coinbase","8","More customer stories","21","What will your story be?","24","","","","","","","","","83381","1809","13.820219","3","","10","5","5.43","84","58","14","13","60c05073502aa9ec793d1d47503d42d7","0.21","","","","https://github.com/customer-stories/bcg-gamma"
"https://github.com/customer-stories/globant","text/html; charset=utf-8","200","OK","Indexable","","Globant · GitHub","16","150","With GitHub, Globant’s globally distributed workforce helps companies keep their edge","85","546","","0","0","","0","Globant & GitHub","16","Mario Ponce","11","More customer stories","21","What will your story be?","24","","","","","","","","","82089","1581","12.562906","3","","10","5","5.43","84","58","14","13","5f4ae8eea2ac1c055a90057106053bc1","0.206","","","","https://github.com/customer-stories/globant"
"https://github.com/customer-stories/xing","text/html; charset=utf-8","200","OK","Indexable","","XING · GitHub","13","129","XING integrates open and closed source code to build collaborative workflows everyone can use—from project planning to QA.","122","801","","0","0","","0","XING & GitHub","13","Anaplan","7","More customer stories","21","What will your story be?","24","","","","","","","","","85070","1679","12.7364","3","","8","3","3.26","85","59","16","15","faae24e4cfd19d461e2db1d9813b27","0.273","","","","https://github.com/customer-stories/xing"
"https://github.com/customer-stories/peak-money","text/html; charset=utf-8","200","OK","Indexable","","Peak Money · GitHub","19","191","Peak Money collaborates across tools, teams, and time zones with GitHub Team.","77","514","","0","0","","0","Peak Money & GitHub","19","Ford","4","More customer stories","21","What will your story be?","24","","","","","","","","","82407","1877","14.163483","3","","9","4","4.35","84","58","15","14","41edeed032e9a69c540178657ede73eb","0.49","","","","https://github.com/customer-stories/peak-money"
"https://github.com/customer-stories/anaplan","text/html; charset=utf-8","200","OK","Indexable","","Anaplan · GitHub","16","152","Big data can lead to compliance headaches for regulated industries. Discover how Anaplan is growing their team while staying secure with GitHub Enterprise.","155","993","","0","0","","0","Anaplan & GitHub","16","Mapbox","6","A common language for developers","32","A new standard for compliance","29","","","","","","","","","79539","1165","9.394038","4","","7","2","2.17","84","58","12","11","e44983d0b6e8c1f3504b1c675c160f41","0.477","","","","https://github.com/customer-stories/anaplan"
"https://github.com/customer-stories/dlr","text/html; charset=utf-8","200","OK","Indexable","","DLR Institute of Robotics · GitHub","34","302","Learn why the DLR Robotics Institute chose to roll out GitHub Enterprise when it saw an organic rise in Git usage across the organization.","138","869","","0","0","","0","DLR Institute of Robotics & GitHub","34","CyberAgent","10","More customer stories","21","What will your story be?","24","","","","","","","","","75358","1018","8.767967","4","","9","4","4.35","84","58","11","10","994297301066b91a100fd14782f6f45b","0.211","","","","https://github.com/customer-stories/dlr"
"https://github.com/customer-stories/dazn","text/html; charset=utf-8","200","OK","Indexable","","DAZN · GitHub","13","133","From DevOps to recruitment, GitHub supports DAZN’s fast-growing enterprise","74","494","","0","0","","0","DAZN & GitHub","13","Nationwide","10","More customer stories","21","What will your story be?","24","","","","","","","","","83354","1671","13.087721","4","","8","3","3.26","83","57","16","15","9a790508ecd6b7f766d1079438426e49","0.3","","","","https://github.com/customer-stories/dazn"
"https://github.com/customer-stories/rea-group","text/html; charset=utf-8","200","OK","Indexable","","REA Group · GitHub","18","182","Learn how GitHub Enterprise helps one of Australia’s largest web operations grow.","81","522","","0","0","","0","REA Group & GitHub","18","Henry Zhu","9","A platform that supports change","31","Room to experiment with deployment and integrations","51","","","","","","","","","76789","1152","9.538093","4","","10","5","5.43","84","58","12","11","e8a42c78b29ad9b8f301ecb907c07514","0.212","","","","https://github.com/customer-stories/rea-group"
"https://github.com/customer-stories/braintree","text/html; charset=utf-8","200","OK","Indexable","","Braintree · GitHub","18","161","Braintree brings their customers closer to their development and release processes with GitHub","94","604","","0","0","","0","Braintree & GitHub","18","Brother Industries","18","More customer stories","21","What will your story be?","24","","","","","","","","","76602","942","8.089917","4","","7","2","2.17","84","58","11","10","ca743c5f7304b1fdc7f1f92a737e424c","0.239","","","","https://github.com/customer-stories/braintree"
