"Address","Content","Status Code","Status","Indexability","Indexability Status","Title 1","Title 1 Length","Title 1 Pixel Width","Meta Description 1","Meta Description 1 Length","Meta Description 1 Pixel Width","Meta Keyword 1","Meta Keywords 1 Length","H1-1","H1-1 length","H2-1","H2-1 length","H2-2","H2-2 length","Meta Robots 1","X-Robots-Tag 1","Meta Refresh 1","Canonical Link Element 1","rel=""next"" 1","rel=""prev"" 1","HTTP rel=""next"" 1","HTTP rel=""prev"" 1","Size (bytes)","Word Count","Text Ratio","Crawl Depth","Link Score","Inlinks","Unique Inlinks","% of Total","Outlinks","Unique Outlinks","External Outlinks","Unique External Outlinks","Hash","Response Time","Last Modified","Redirect URL","Redirect Type","URL Encoded Address"
"http://opensource.guide/","text/html","301","Moved Permanently","Non-Indexable","Redirected","","0","0","","0","0","","0","","0","","0","","0","","","","","","","","","162","0","0.0","0","","0","0","0.0","0","0","0","0","","0.039","","https://opensource.guide/","HTTP Redirect","http://opensource.guide/"
"https://opensource.guide/","text/html; charset=utf-8","200","OK","Indexable","","Open Source Guides | Learn how to launch and grow your project.","63","589","Learn how to launch and grow your project.","42","275","","0","Open Source Guides","18","","0","","0","","","","https://opensource.guide/","","","","","19608","288","9.158277","1","","21","11","9.02","11","11","5","5","aaf4a8c592ca40c285040e2d2ca7aede","0.017","Thu, 05 Dec 2019 14:36:45 GMT","","","https://opensource.guide/"
"https://opensource.guide/ko/","text/html; charset=utf-8","200","OK","Indexable","","오픈 소스 가이드 | Open Source Guides","30","356","Learn how to launch and grow your project.","42","275","","0","Open Source Guides","18","","0","","0","","","","https://opensource.guide/ko/","","","","","20180","202","5.3380017","2","","20","10","8.2","11","11","5","5","733de00e382b23f76052582ff164ee1","0.022","Thu, 05 Dec 2019 14:36:45 GMT","","","https://opensource.guide/ko/"
"https://opensource.guide/es/","text/html; charset=utf-8","200","OK","Indexable","","Guías de código abierto | Open Source Guides","44","417","Learn how to launch and grow your project.","42","275","","0","Open Source Guides","18","","0","","0","","","","https://opensource.guide/es/","","","","","20130","309","10.01994","2","","20","10","8.2","11","11","5","5","1e7f145780b80b45022274f69e77908d","0.154","Thu, 05 Dec 2019 14:36:45 GMT","","","https://opensource.guide/es/"
"https://opensource.guide/zh-tw/","text/html; charset=utf-8","200","OK","Indexable","","開源軟體指南 | Open Source Guides","27","324","Learn how to launch and grow your project.","42","275","","0","Open Source Guides","18","","0","","0","","","","https://opensource.guide/zh-tw/","","","","","19253","50","3.4742198","2","","20","10","8.2","11","11","4","4","aad73a8f6d749d4e93bfe01d4f892685","0.159","Thu, 05 Dec 2019 14:36:45 GMT","","","https://opensource.guide/zh-tw/"
"https://opensource.guide/code-of-conduct/","text/html; charset=utf-8","200","OK","Indexable","","Your Code of Conduct | Open Source Guides","41","402","Facilitate healthy and constructive community behavior by adopting and enforcing a code of conduct.","99","637","","0","Your Code of Conduct","20","Why do I need a code of conduct?","32","Establishing a code of conduct","30","","","","https://opensource.guide/code-of-conduct/","","","","","26265","1600","37.521023","2","","12","5","4.1","10","5","14","14","a94f28dc61465912dde0cd02b89ef21e","0.154","Thu, 05 Dec 2019 14:36:45 GMT","","","https://opensource.guide/code-of-conduct/"
"https://opensource.guide/leadership-and-governance/","text/html; charset=utf-8","200","OK","Indexable","","Leadership and Governance | Open Source Guides","46","456","Growing open source projects can benefit from formal rules for making decisions.","80","514","","0","Leadership and Governance","25","Understanding governance for your growing project","49","What are examples of formal roles used in open source projects?","63","","","","https://opensource.guide/leadership-and-governance/","","","","","33229","2127","40.292763","2","","14","6","4.92","15","7","40","38","80f3adeed793c290e54899eff090dd68","0.163","Thu, 05 Dec 2019 14:36:45 GMT","","","https://opensource.guide/leadership-and-governance/"
"https://opensource.guide/legal/","text/html; charset=utf-8","200","OK","Indexable","","The Legal Side of Open Source | Open Source Guides","50","484","Everything you’ve ever wondered about the legal side of open source, and a few things you didn’t.","97","619","","0","The Legal Side of Open Source","29","Understanding the legal implications of open source","51","Why do people care so much about the legal side of open source?","63","","","","https://opensource.guide/legal/","","","","","39870","3192","49.613384","2","","12","4","3.28","16","6","43","36","a9e4eba57b832bcfbc29331abb8153d8","0.024","Thu, 05 Dec 2019 14:36:45 GMT","","","https://opensource.guide/legal/"
"https://opensource.guide/building-community/","text/html; charset=utf-8","200","OK","Indexable","","Building Welcoming Communities | Open Source Guides","51","499","Building a community that encourages people to use, contribute to, and evangelize your project.","95","606","","0","Building Welcoming Communities","30","Setting your project up for success","35","Growing your community","22","","","","https://opensource.guide/building-community/","","","","","42324","3421","49.156937","2","","11","8","6.56","17","8","44","44","d7e3ac72a005a891b5d23f6b96917b24","0.023","Thu, 05 Dec 2019 14:36:45 GMT","","","https://opensource.guide/building-community/"
"https://opensource.guide/how-to-contribute/","text/html; charset=utf-8","200","OK","Indexable","","How to Contribute to Open Source | Open Source Guides","53","511","Want to contribute to open source? A guide to making open source contributions, for first-timers and for veterans.","114","717","","0","How to Contribute to Open Source","32","Why contribute to open source?","30","What it means to contribute","27","","","","https://opensource.guide/how-to-contribute/","","","","","55447","4579","49.557007","2","","12","6","4.92","12","5","56","56","c629da86d8088de4bd5c42bf83be63d2","0.067","Thu, 05 Dec 2019 14:36:45 GMT","","","https://opensource.guide/how-to-contribute/"
"https://opensource.guide/de/","text/html; charset=utf-8","200","OK","Indexable","","Open Source Guides | Learn how to launch and grow your project.","63","589","Learn how to launch and grow your project.","42","275","","0","Open Source Guides","18","","0","","0","","","","https://opensource.guide/de/","","","","","19949","268","10.346388","2","","20","10","8.2","11","11","5","5","a19861982fb1161b79f772b215e0ab8b","0.074","Thu, 05 Dec 2019 14:36:45 GMT","","","https://opensource.guide/de/"
"https://opensource.guide/notices/","text/html; charset=utf-8","200","OK","Indexable","","Legal Disclaimer and Notices | Open Source Guides","49","461","Learn how to launch and grow your project.","42","275","","0","Legal Disclaimer and Notices","28","Legal Disclaimer","16","Licenses","8","","","","https://opensource.guide/notices/","","","","","16160","805","32.190334","2","","132","122","100.0","4","4","13","10","df928add4e847e82eae8f9f7aa946a18","0.08","Thu, 05 Dec 2019 14:36:45 GMT","","","https://opensource.guide/notices/"
"https://opensource.guide/ta/","text/html; charset=utf-8","200","OK","Indexable","","திறந்த மூல வழிகாட்டிகள் | Open Source Guides","44","442","Learn how to launch and grow your project.","42","275","","0","Open Source Guides","18","","0","","0","","","","https://opensource.guide/ta/","","","","","23914","228","10.210044","2","","20","10","8.2","11","11","5","5","8a424699178778b6a3a23883dba38ab0","0.022","Thu, 05 Dec 2019 14:36:45 GMT","","","https://opensource.guide/ta/"
"https://opensource.guide/zh-cn/","text/html; charset=utf-8","200","OK","Indexable","","开源软件指南 | Open Source Guides","27","324","Learn how to launch and grow your project.","42","275","","0","Open Source Guides","18","","0","","0","","","","https://opensource.guide/zh-cn/","","","","","19395","54","3.509832","2","","20","10","8.2","11","11","5","5","634f71eecccc0e46a45c3d741870895e","0.068","Thu, 05 Dec 2019 14:36:45 GMT","","","https://opensource.guide/zh-cn/"
"https://opensource.guide/fr/","text/html; charset=utf-8","200","OK","Indexable","","Open Source Guides | Learn how to launch and grow your project.","63","589","Learn how to launch and grow your project.","42","275","","0","Open Source Guides","18","","0","","0","","","","https://opensource.guide/fr/","","","","","20011","315","10.3770275","2","","20","10","8.2","11","11","5","5","180e8bdb2780c760c97164772077dd5b","0.025","Thu, 05 Dec 2019 14:36:45 GMT","","","https://opensource.guide/fr/"
"https://opensource.guide/finding-users/","text/html; charset=utf-8","200","OK","Indexable","","Finding Users for Your Project | Open Source Guides","51","472","Help your open source project grow by getting it in the hands of happy users.","77","487","","0","Finding Users for Your Project","30","Spreading the word","18","Figure out your message","23","","","","https://opensource.guide/finding-users/","","","","","29049","1763","35.75338","2","","10","5","4.1","11","5","32","32","ddbfbf5b7a4a6d5efb8fd5069bad87e5","0.071","Thu, 05 Dec 2019 14:36:45 GMT","","","https://opensource.guide/finding-users/"
"https://opensource.guide/pt/","text/html; charset=utf-8","200","OK","Indexable","","Guias de código aberto | Open Source Guides","43","411","Learn how to launch and grow your project.","42","275","","0","Open Source Guides","18","","0","","0","","","","https://opensource.guide/pt/","","","","","19838","297","9.683624","2","","20","10","8.2","11","11","5","5","5924c7e27cc5e51294434d62411d5677","0.024","Thu, 05 Dec 2019 14:36:45 GMT","","","https://opensource.guide/pt/"
"https://opensource.guide/best-practices/","text/html; charset=utf-8","200","OK","Indexable","","Best Practices for Maintainers | Open Source Guides","51","471","Making your life easier as an open source maintainer, from documenting processes to leveraging your community.","110","723","","0","Best Practices for Maintainers","30","What does it mean to be a maintainer?","37","Documenting your processes","26","","","","https://opensource.guide/best-practices/","","","","","41894","3361","48.512516","2","","12","6","4.92","12","6","54","52","f9efe8bac0d9923e0429d8a1de95ae0d","0.028","Thu, 05 Dec 2019 14:36:45 GMT","","","https://opensource.guide/best-practices/"
"https://opensource.guide/starting-a-project/","text/html; charset=utf-8","200","OK","Indexable","","Starting an Open Source Project | Open Source Guides","52","493","Learn more about the world of open source and get ready to launch your own project.","83","542","","0","Starting an Open Source Project","31","The “what” and “why” of open source","35","Should I launch my own open source project?","43","","","","https://opensource.guide/starting-a-project/","","","","","43097","3110","43.67532","2","","13","6","4.92","16","8","58","57","e09cf8717d891724a7af93d49b403d45","0.062","Thu, 05 Dec 2019 14:36:45 GMT","","","https://opensource.guide/starting-a-project/"
"https://opensource.guide/tr/","text/html; charset=utf-8","200","OK","Indexable","","Açık kaynak rehberleri | Open Source Guides","43","402","Learn how to launch and grow your project.","42","275","","0","Open Source Guides","18","","0","","0","","","","https://opensource.guide/tr/","","","","","20005","244","9.610022","2","","20","10","8.2","11","11","5","5","d37f22452d0106bdc3ef9106751c7b23","0.074","Thu, 05 Dec 2019 14:36:45 GMT","","","https://opensource.guide/tr/"
"https://opensource.guide/getting-paid/","text/html; charset=utf-8","200","OK","Indexable","","Getting Paid for Open Source Work | Open Source Guides","54","521","Sustain your work in open source by getting financial support for your time or your project.","92","569","","0","Getting Paid for Open Source Work","33","Why some people seek financial support","38","Funding your own time","21","","","","https://opensource.guide/getting-paid/","","","","","32686","1929","36.602394","2","","5","2","1.64","9","5","63","61","5a72b9a373249be354299122abeffb53","0.019","Thu, 05 Dec 2019 14:36:45 GMT","","","https://opensource.guide/getting-paid/"
"https://opensource.guide/id/","text/html; charset=utf-8","200","OK","Indexable","","Panduan Sumber Terbuka | Open Source Guides","43","438","Learn how to launch and grow your project.","42","275","","0","Open Source Guides","18","","0","","0","","","","https://opensource.guide/id/","","","","","19936","278","10.482939","2","","20","10","8.2","11","11","5","5","beed34fcb70ae2bde057febd7c5ca867","0.023","Thu, 05 Dec 2019 14:36:45 GMT","","","https://opensource.guide/id/"
"https://opensource.guide/metrics/","text/html; charset=utf-8","200","OK","Indexable","","Open Source Metrics | Open Source Guides","40","393","Make informed decisions to help your open source project thrive by measuring and tracking its success.","102","655","","0","Open Source Metrics","19","Why measure anything?","21","Discovery","9","","","","https://opensource.guide/metrics/","","","","","25012","1355","33.40031","2","","8","4","3.28","10","5","14","14","3cbf6613ba60d3c6d8e27a7da30dbed7","0.074","Thu, 05 Dec 2019 14:36:45 GMT","","","https://opensource.guide/metrics/"
"https://opensource.guide/ko/leadership-and-governance/","text/html; charset=utf-8","200","OK","Indexable","","리더십과 정치 | Open Source Guides","28","330","오픈소스 프로젝트가 성장하면서 공식적인 의사 결정 규칙의 혜택을 볼 수 있습니다.","45","520","","0","리더십과 정치","7","Understanding governance for your growing project","49","What are examples of formal roles used in open source projects?","63","","","","https://opensource.guide/ko/leadership-and-governance/","","","","","33262","1582","30.245716","3","","6","5","4.1","7","6","40","38","6ee56893e7ee92675cdae1650a4e1e9b","0.021","Thu, 05 Dec 2019 14:36:45 GMT","","","https://opensource.guide/ko/leadership-and-governance/"
"https://opensource.guide/ko/best-practices/","text/html; charset=utf-8","200","OK","Indexable","","메인테이너를 위한 모범 사례 | Open Source Guides","36","462","문서화 과정에서 커뮤니티 활용에 이르기까지 오픈소스 메인테이너로서 여러분의 삶을 편하게 만들어줍니다.","56","674","","0","메인테이너를 위한 모범 사례","15","What does it mean to be a maintainer?","37","Documenting your processes","26","","","","https://opensource.guide/ko/best-practices/","","","","","43513","2476","37.602417","3","","6","5","4.1","6","5","49","47","2f5f1837ad7fc00bf5cff86d853e394a","0.068","Thu, 05 Dec 2019 14:36:45 GMT","","","https://opensource.guide/ko/best-practices/"
"https://opensource.guide/ko/getting-paid/","text/html; charset=utf-8","200","OK","Indexable","","오픈소스 작업에 대한 비용 지불하기 | Open Source Guides","40","528","시간이나 프로젝트에 대한 재정적 지원을 받음으로써 오픈소스에서의 작업을 지속합니다.","46","554","","0","오픈소스 작업에 대한 비용 지불하기","19","Why some people seek financial support","38","Funding your own time","21","","","","https://opensource.guide/ko/getting-paid/","","","","","32955","1478","28.014734","3","","1","1","0.82","5","4","56","54","a8395b6c45ce03f2c9610c055ecb4c3f","0.084","Thu, 05 Dec 2019 14:36:45 GMT","","","https://opensource.guide/ko/getting-paid/"
"https://opensource.guide/ko/code-of-conduct/","text/html; charset=utf-8","200","OK","Indexable","","귀하의 행동강령 | Open Source Guides","29","350","행동강령을 채택하고 시행함으로써 건강하고 건설적인 커뮤니티 행동을 촉진하십시오.","44","536","","0","귀하의 행동강령","8","Why do I need a code of conduct?","32","Establishing a code of conduct","30","","","","https://opensource.guide/ko/code-of-conduct/","","","","","26455","1108","25.83701","3","","6","3","2.46","5","4","14","14","61456e183af54881257116ab24d985ec","0.023","Thu, 05 Dec 2019 14:36:45 GMT","","","https://opensource.guide/ko/code-of-conduct/"
"https://opensource.guide/ko/building-community/","text/html; charset=utf-8","200","OK","Indexable","","환영하는 커뮤니티 구축 | Open Source Guides","33","416","사람들이 프로젝트를 사용하고, 기여하고, 전파하도록 격려하는 커뮤니티를 구축합니다.","46","544","","0","환영하는 커뮤니티 구축","12","Setting your project up for success","35","Growing your community","22","","","","https://opensource.guide/ko/building-community/","","","","","45431","2494","37.401375","3","","8","8","6.56","14","8","43","43","e27576ba7bb165cf000b6d8ba03f1455","0.028","Thu, 05 Dec 2019 14:36:45 GMT","","","https://opensource.guide/ko/building-community/"
"https://opensource.guide/ko/finding-users/","text/html; charset=utf-8","200","OK","Indexable","","프로젝트에서 사람찾기 | Open Source Guides","32","410","행복한 사용자의 손에 넣어져서 오픈소스 프로젝트의 성장을 도우십시오.","38","452","","0","프로젝트에서 사람찾기","11","Spreading the word","18","Figure out your message","23","","","","https://opensource.guide/ko/finding-users/","","","","","29488","1323","27.353912","3","","3","3","2.46","5","4","32","32","b2f0d190ba0cb5958af94f396f0092b6","0.036","Thu, 05 Dec 2019 14:36:45 GMT","","","https://opensource.guide/ko/finding-users/"
"https://opensource.guide/ko/legal/","text/html; charset=utf-8","200","OK","Indexable","","오픈소스의 법적 측면 | Open Source Guides","32","396","오픈소스의 법적 측면과 당신이 하지 않은 몇가지 사항에 대해 궁금해하는 모든 것입니다.","48","552","","0","오픈소스의 법적 측면","11","Understanding the legal implications of open source","51","Why do people care so much about the legal side of open source?","63","","","","https://opensource.guide/ko/legal/","","","","","40357","2175","36.73024","3","","4","3","2.46","9","6","39","32","84bdc291f9358612d6fd5c2f4b7b7815","0.029","Thu, 05 Dec 2019 14:36:45 GMT","","","https://opensource.guide/ko/legal/"
"https://opensource.guide/ko/how-to-contribute/","text/html; charset=utf-8","200","OK","Indexable","","오픈소스에 기여하는 방법 | Open Source Guides","34","436","오픈소스에 기여하고 싶습니까? 초보자와 숙련자를 위한 오픈소스 기여에 대한 가이드입니다.","49","580","","0","오픈소스에 기여하는 방법","13","Why contribute to open source?","30","What it means to contribute","27","","","","https://opensource.guide/ko/how-to-contribute/","","","","","57945","3213","37.717663","3","","6","6","4.92","6","5","51","51","b3c0906aa2117310e543d11aaab112a9","0.075","Thu, 05 Dec 2019 14:36:45 GMT","","","https://opensource.guide/ko/how-to-contribute/"
"https://opensource.guide/ko/metrics/","text/html; charset=utf-8","200","OK","Indexable","","오픈소스 측정항목 | Open Source Guides","30","370","성공을 측정하고 추적함으로써 오픈소스 프로젝트가 성공할 수 있도록 정보에 입각한 의사 결정을 하십시오.","57","668","","0","오픈소스 측정항목","9","Why measure anything?","21","Discovery","9","","","","https://opensource.guide/ko/metrics/","","","","","26050","1030","23.71727","3","","3","3","2.46","5","4","13","13","317c2230e5d07374557b3b19f8645633","0.032","Thu, 05 Dec 2019 14:36:45 GMT","","","https://opensource.guide/ko/metrics/"
"https://opensource.guide/ko/starting-a-project/","text/html; charset=utf-8","200","OK","Indexable","","오픈소스 프로젝트 시작하기 | Open Source Guides","35","456","오픈소스의 세계에 대해 자세히 알아보고 자신만의 프로젝트를 시작할 준비를 하십시오.","46","544","","0","오픈소스 프로젝트 시작하기","14","The “what” and “why” of open source","35","Should I launch my own open source project?","43","","","","https://opensource.guide/ko/starting-a-project/","","","","","45924","2299","33.079193","3","","7","5","4.1","10","7","56","55","11c2aa09def3a4b2cde24856489dd3dc","0.025","Thu, 05 Dec 2019 14:36:45 GMT","","","https://opensource.guide/ko/starting-a-project/"
"https://opensource.guide/es/leadership-and-governance/","text/html; charset=utf-8","200","OK","Indexable","","Liderazgo y Gobierno | Open Source Guides","41","395","Los proyectos de código abierto crecientes pueden beneficiarse de reglas formales para tomar decisiones.","104","676","","0","Liderazgo y Gobierno","20","Entendiendo el gobierno de su proyecto en crecimiento","53","¿Cuáles son ejemplos de roles formales utilizados en proyectos de código abierto?","81","","","","https://opensource.guide/es/leadership-and-governance/","","","","","33127","2299","44.848225","3","","6","5","4.1","7","6","41","39","7f10d001a3334c00b2b791f077eb42b7","0.027","Thu, 05 Dec 2019 14:36:45 GMT","","","https://opensource.guide/es/leadership-and-governance/"
"https://opensource.guide/es/finding-users/","text/html; charset=utf-8","200","OK","Indexable","","Encontrando Usuarios Para Tu Proyecto | Open Source Guides","58","563","Ayuda a tu proyecto de código abierto a crecer ponióndolo en manos de usuarios satisfechos.","91","595","","0","Encontrando Usuarios Para Tu Proyecto","37","Pasando la voz","14","Pensando tu mensaje","19","","","","https://opensource.guide/es/finding-users/","","","","","28682","1795","39.008316","3","","3","3","2.46","5","4","32","32","ea33e91dd29ce2174e238de7e7eebc26","0.021","Thu, 05 Dec 2019 14:36:45 GMT","","","https://opensource.guide/es/finding-users/"
"https://opensource.guide/es/best-practices/","text/html; charset=utf-8","200","OK","Indexable","","Buenas Prácticas para Mantenedores de Código. | Open Source Guides","66","641","Haciéndote la vida más fácil como un mantenedor de código abierto, desde el proceso de documentación hasta sacar el máximo provecho de la comunidad.","148","992","","0","Buenas Prácticas para Mantenedores de Código.","45","¿Qué significa ser un mantenedor de código?","43","Documentando tus procesos","25","","","","https://opensource.guide/es/best-practices/","","","","","42152","3467","52.287155","3","","6","5","4.1","7","6","48","46","aec97556099cbc1fd612eb35ed3f7b3c","0.03","Thu, 05 Dec 2019 14:36:45 GMT","","","https://opensource.guide/es/best-practices/"
"https://opensource.guide/es/building-community/","text/html; charset=utf-8","200","OK","Indexable","","Construyendo Comunidades de Bienvenida | Open Source Guides","59","587","Construyendo una comunidad que anime a al gente a usar, contribuir y educar con su proyecto","91","604","","0","Construyendo Comunidades de Bienvenida","38","Configurando tu proyecto para el éxito","38","Haciendo crecer tu comunidad","28","","","","https://opensource.guide/es/building-community/","","","","","43989","3622","52.912743","3","","8","8","6.56","14","8","42","42","238c1c51c2256691c8d5214cd9e80a04","0.027","Thu, 05 Dec 2019 14:36:45 GMT","","","https://opensource.guide/es/building-community/"
"https://opensource.guide/es/legal/","text/html; charset=utf-8","200","OK","Indexable","","Aspectos legales del codigo abierto. | Open Source Guides","57","523","Todo lo que te has preguntado sobre la parte legal de código abierto.","69","440","","0","Aspectos legales del codigo abierto.","36","Entendiendo las implicaciones legales del código abierto","56","¿Por qué la gente se preocupa tanto acerca de los aspectos legales del código abierto?","86","","","","https://opensource.guide/es/legal/","","","","","39793","3325","53.674698","3","","4","3","2.46","9","6","40","33","c2e2d0df80edb6b15bb1428ad36debb4","0.023","Thu, 05 Dec 2019 14:36:45 GMT","","","https://opensource.guide/es/legal/"
"https://opensource.guide/es/how-to-contribute/","text/html; charset=utf-8","200","OK","Indexable","","Cómo Contribuir con el Código Abierto | Open Source Guides","58","545","¿Quieres colaborar con el código abierto? Una guía para hacer contribuciones al código abierto, para principiantes y veteranos.","127","810","","0","Cómo Contribuir con el Código Abierto","37","¿Para qué contribuir?","21","Qué significa contribuir","24","","","","https://opensource.guide/es/how-to-contribute/","","","","","57168","4807","53.855164","3","","6","6","4.92","6","5","51","51","8faec6dea86c0c1253be16c6562a3f37","0.031","Thu, 05 Dec 2019 14:36:45 GMT","","","https://opensource.guide/es/how-to-contribute/"
"https://opensource.guide/es/starting-a-project/","text/html; charset=utf-8","200","OK","Indexable","","Comenzando un proyecto de Código Abierto | Open Source Guides","61","598","Aprende más acerca del mundo del Código Abierto y prepárate a lanzar tu propio proyecto.","88","579","","0","Comenzando un proyecto de Código Abierto","40","El cómo y el por qué del Código Abierto","39","¿Debería lanzar mi propio proyecto de Código Abierto?","53","","","","https://opensource.guide/es/starting-a-project/","","","","","43169","3090","45.918175","3","","7","5","4.1","10","7","56","55","ce440e5bab2c80f42c4a878ef6f1ea2d","0.024","Thu, 05 Dec 2019 14:36:45 GMT","","","https://opensource.guide/es/starting-a-project/"
"https://opensource.guide/es/code-of-conduct/","text/html; charset=utf-8","200","OK","Indexable","","Tu Código de Conducta | Open Source Guides","42","414","Facilita el comportamiento sano y constructivo, adoptando y aplicando un código de conducta.","92","597","","0","Tu Código de Conducta","21","Por qué es necesario un código de conducta","42","Estableciendo un código de conducta","35","","","","https://opensource.guide/es/code-of-conduct/","","","","","25942","1680","41.011982","3","","6","3","2.46","5","4","14","14","554099b1b77b6649e17438adcf6cce24","0.026","Thu, 05 Dec 2019 14:36:45 GMT","","","https://opensource.guide/es/code-of-conduct/"
"https://opensource.guide/es/getting-paid/","text/html; charset=utf-8","200","OK","Indexable","","Recibir Pagos por Trabajos en Código Abierto | Open Source Guides","65","610","Mantén tu trabajo de código abierto al encontrar apoyo financiero por tu tiempo o tu proyecto.","94","594","","0","Recibir Pagos por Trabajos en Código Abierto","44","¿Por qué algunas personas buscan apoyo financiero?","50","Financiando tu propio tiempo","28","","","","https://opensource.guide/es/getting-paid/","","","","","32502","2028","40.65589","3","","1","1","0.82","5","4","56","54","5cc526bb6f58e06c1f974a096c0c130","0.024","Thu, 05 Dec 2019 14:36:45 GMT","","","https://opensource.guide/es/getting-paid/"
"https://opensource.guide/es/metrics/","text/html; charset=utf-8","200","OK","Indexable","","Métricas de código abierto | Open Source Guides","47","439","Tomar decisiones informadas para ayudar a tu proyecto de código abierto a prosperar mediante la medición y el seguimiento de su éxito.","134","871","","0","Métricas de código abierto","26","¿Para qué medir algo?","21","Descubrimiento","14","","","","https://opensource.guide/es/metrics/","","","","","24709","1392","36.117134","3","","3","3","2.46","5","4","14","14","c43f9f9bc9c26f623101ebc9005dfa60","0.023","Thu, 05 Dec 2019 14:36:45 GMT","","","https://opensource.guide/es/metrics/"
"https://opensource.guide/zh-tw/leadership-and-governance/","text/html; charset=utf-8","200","OK","Indexable","","領導與治理 | Open Source Guides","26","304","有了正式規則的決策，可讓開源專案順利的成長。","22","308","","0","領導與治理","5","針對增長的專案來理解治理","12","開源專案中通常都有那些角色","13","","","","https://opensource.guide/zh-tw/leadership-and-governance/","","","","","30460","194","21.463856","3","","5","5","4.1","7","6","39","36","5fbe1bb99cb80cc805f1d3b22ea3e60b","0.025","Thu, 05 Dec 2019 14:36:45 GMT","","","https://opensource.guide/zh-tw/leadership-and-governance/"
"https://opensource.guide/zh-tw/code-of-conduct/","text/html; charset=utf-8","200","OK","Indexable","","建立一套行為準則 | Open Source Guides","29","364","為了促進社羣朝健康且有建設性的方向發展，必須設立一個共同遵守的行為守則。","36","504","","0","建立一套行為準則","8","我爲什麼需要行爲守則","10","建立行爲守則","6","","","","https://opensource.guide/zh-tw/code-of-conduct/","","","","","23001","111","17.065903","3","","6","3","2.46","5","4","13","13","a57073c038aa934b234fc7918b8c5b35","0.025","Thu, 05 Dec 2019 14:36:45 GMT","","","https://opensource.guide/zh-tw/code-of-conduct/"
"https://opensource.guide/zh-tw/metrics/","text/html; charset=utf-8","200","OK","Indexable","","開源衡量準則 | Open Source Guides","27","324","透過持續的追蹤專案，幫助你做出最佳決策，讓開源專案更成功。","29","406","","0","開源衡量準則","6","爲何要度量所有","7","發現專案","4","","","","https://opensource.guide/zh-tw/metrics/","","","","","23568","127","17.150469","3","","3","3","2.46","5","4","13","13","dd455fc5824fb7e7ba29ead602326de2","0.02","Thu, 05 Dec 2019 14:36:45 GMT","","","https://opensource.guide/zh-tw/metrics/"
"https://opensource.guide/zh-tw/best-practices/","text/html; charset=utf-8","200","OK","Indexable","","維護者最佳實踐 | Open Source Guides","28","344","身為開源的維護者，如何輕鬆駕馭專案？本指南從文件流程到有效利用社群來展開。","37","518","","0","維護者最佳實踐","7","身爲一名維護者意味著什麼?","13","將流程文件化","6","","","","https://opensource.guide/zh-tw/best-practices/","","","","","37720","228","26.417694","3","","6","5","4.1","6","5","47","45","98f6c892e47c472e0aab3060ddf1ee8a","0.025","Thu, 05 Dec 2019 14:36:45 GMT","","","https://opensource.guide/zh-tw/best-practices/"
"https://opensource.guide/zh-tw/legal/","text/html; charset=utf-8","200","OK","Indexable","","開源的法律保障 | Open Source Guides","28","344","對於開源你應該瞭解的法律知識。","15","210","","0","開源的法律保障","7","瞭解開源的法律含義","9","爲什麼大家非常擔心有關開源的法律問題","18","","","","https://opensource.guide/zh-tw/legal/","","","","","34198","155","26.523867","3","","4","3","2.46","6","5","38","32","aef6f1f8111c14e209ed48abf56250d","0.022","Thu, 05 Dec 2019 14:36:45 GMT","","","https://opensource.guide/zh-tw/legal/"
"https://opensource.guide/zh-tw/starting-a-project/","text/html; charset=utf-8","200","OK","Indexable","","發起一個開源專案 | Open Source Guides","29","364","從開源的世界汲取智慧，著手發起開源專案。","20","280","","0","發起一個開源專案","8","什麼是開源，爲什麼要開源","12","我是否應該發起我自己的開源專案","15","","","","https://opensource.guide/zh-tw/starting-a-project/","","","","","39351","332","22.3171","3","","4","4","3.28","10","7","56","55","66df79cad9e710817f2d0a4c26c81724","0.022","Thu, 05 Dec 2019 14:36:45 GMT","","","https://opensource.guide/zh-tw/starting-a-project/"
"https://opensource.guide/zh-tw/how-to-contribute/","text/html; charset=utf-8","200","OK","Indexable","","如何為開源做貢獻？ | Open Source Guides","30","384","想為開源貢獻心力？一個菜鳥老手都值得一看的指南。","24","336","","0","如何為開源做貢獻？","9","為何要為開源貢獻心力？","11","具體而言什麼是貢獻","9","","","","https://opensource.guide/zh-tw/how-to-contribute/","","","","","51539","573","27.783209","3","","6","6","4.92","6","5","50","50","bcb5c7f989340f5c2385ece899e34c7f","0.024","Thu, 05 Dec 2019 14:36:45 GMT","","","https://opensource.guide/zh-tw/how-to-contribute/"
"https://opensource.guide/zh-tw/building-community/","text/html; charset=utf-8","200","OK","Indexable","","打造友善、溫暖的社群 | Open Source Guides","31","404","打造個人們願意使用、貢獻並願意主動宣傳的人氣社群。","25","350","","0","打造友善、溫暖的社群","10","讓專案朝成功邁進","8","讓社群成長茁壯","7","","","","https://opensource.guide/zh-tw/building-community/","","","","","39537","297","26.032043","3","","7","7","5.74","10","6","43","42","f4a516003531c2ca786f5b57fdc0f0fe","0.023","Thu, 05 Dec 2019 14:36:45 GMT","","","https://opensource.guide/zh-tw/building-community/"
"https://opensource.guide/zh-tw/finding-users/","text/html; charset=utf-8","200","OK","Indexable","","找尋專案的使用者 | Open Source Guides","29","364","透過使用者的心得來幫助你的開源專案成長。","20","280","","0","找尋專案的使用者","8","四處傳播","4","發出自己的聲音","7","","","","https://opensource.guide/zh-tw/finding-users/","","","","","26435","167","18.303835","3","","3","3","2.46","5","4","31","31","3dd682930ba0e4d7ae8ec499ffc1f086","0.028","Thu, 05 Dec 2019 14:36:45 GMT","","","https://opensource.guide/zh-tw/finding-users/"
"https://opensource.guide/zh-tw/getting-paid/","text/html; charset=utf-8","200","OK","Indexable","","透過為開源專案工作而獲得報酬 | Open Source Guides","35","484","透過經濟上的補助，支持你在開源專案裡的工作。","22","308","","0","透過為開源專案工作而獲得報酬","14","為何有人尋求經濟上的支持","12","為你的貢獻募資","7","","","","https://opensource.guide/zh-tw/getting-paid/","","","","","28964","192","18.710209","3","","1","1","0.82","5","4","48","46","11235f0aabc33dee0e78332f92016985","0.02","Thu, 05 Dec 2019 14:36:45 GMT","","","https://opensource.guide/zh-tw/getting-paid/"
"https://opensource.guide/pt/code-of-conduct/","text/html; charset=utf-8","200","OK","Indexable","","Seu Código de Conduta | Open Source Guides","42","416","Facilite comportamentos saudáveis e construtivos em sua comunidade, adotando e reforçando um código de conduta","110","747","","0","Seu Código de Conduta","21","Por que eu preciso de um código de conduta?","43","Estabelecendo um código de conduta","34","","","","https://opensource.guide/pt/code-of-conduct/","","","","","25931","1692","40.552074","3","","6","3","2.46","5","4","14","14","16f2de2cb9907db063343d832ff5e3e0","0.024","Thu, 05 Dec 2019 14:36:45 GMT","","","https://opensource.guide/pt/code-of-conduct/"
"https://opensource.guide/de/code-of-conduct/","text/html; charset=utf-8","200","OK","Indexable","","Ihr Verhaltenskodex | Open Source Guides","40","382","Fördern Sie ein gesundes und konstruktives Miteinander durch die Festlegung und Durchsetzung eines Verhaltenskodex.","115","768","","0","Ihr Verhaltenskodex","19","Warum brauche ich einen Verhaltenskodex?","40","Einen Verhaltenskodex festlegen","31","","","","https://opensource.guide/de/code-of-conduct/","","","","","26919","1605","42.795643","3","","6","3","2.46","5","4","14","14","778ce9e459a5dfdcff50471a06d11ee0","0.023","Thu, 05 Dec 2019 14:36:45 GMT","","","https://opensource.guide/de/code-of-conduct/"
"https://opensource.guide/tr/code-of-conduct/","text/html; charset=utf-8","200","OK","Indexable","","Davranış Kurallarınız | Open Source Guides","42","391","Bir davranış kuralını benimseyerek ve uygulayarak sağlıklı ve yapıcı topluluk davranışını kolaylaştırın.","104","641","","0","Davranış Kurallarınız","21","Neden bir davranış kural listesine ihtiyacım var?","49","Davranış kural listesini oluşturmak","35","","","","https://opensource.guide/tr/code-of-conduct/","","","","","26112","1230","39.550213","3","","6","3","2.46","5","4","14","14","b95d5ec67348a4d6e4c398a934e52a1c","0.025","Thu, 05 Dec 2019 14:36:45 GMT","","","https://opensource.guide/tr/code-of-conduct/"
"https://opensource.guide/id/code-of-conduct/","text/html; charset=utf-8","200","OK","Indexable","","Kode Etik Anda | Open Source Guides","35","341","Fasilitasi perilaku komunitas yang sehat dan konstruktif dengan mengadopsi dan menerapkan kode etik.","100","660","","0","Kode Etik Anda","14","Kenapa saya perlu menerapkan kode etik?","39","Membuat kode etik","17","","","","https://opensource.guide/id/code-of-conduct/","","","","","25232","1348","40.078625","3","","5","3","2.46","5","4","14","14","d518548cab653e43e732ef09159c7bf0","0.025","Thu, 05 Dec 2019 14:36:45 GMT","","","https://opensource.guide/id/code-of-conduct/"
"https://opensource.guide/fr/code-of-conduct/","text/html; charset=utf-8","200","OK","Indexable","","Votre Code de Conduite | Open Source Guides","43","418","Faciliter un comportement communautaire sain et constructif en adoptant et en appliquant un code de conduite.","109","707","","0","Votre Code de Conduite","22","Pourquoi un code de conduite","28","Etablir un code de conduite","27","","","","https://opensource.guide/fr/code-of-conduct/","","","","","26499","1727","41.768856","3","","6","3","2.46","5","4","14","14","5f6ab9c55fb0bfcedf08e32ad169bf38","0.023","Thu, 05 Dec 2019 14:36:45 GMT","","","https://opensource.guide/fr/code-of-conduct/"
"https://opensource.guide/ta/code-of-conduct/","text/html; charset=utf-8","200","OK","Indexable","","உங்கள் நடத்தை விதி | Open Source Guides","39","393","நடத்தை நெறிமுறைகளை பின்பற்றுவதன் மூலம், ஆரோக்கியமான மற்றும் ஆக்கபூர்வமான சமூக நடத்தைக்கு உதவுதல்.","97","700","","0","உங்கள் நடத்தை விதி","18","எனக்கு எதற்கு ஒரு நடத்தை விதித் தொகுப்பு வேண்டும்?","50","நடத்தை விதித் தொகுப்பு உருவாக்குதல்","35","","","","https://opensource.guide/ta/code-of-conduct/","","","","","45760","1152","41.47791","3","","6","3","2.46","5","4","14","14","b198a8d060e9e98b5de0cf7fb5303888","0.028","Thu, 05 Dec 2019 14:36:45 GMT","","","https://opensource.guide/ta/code-of-conduct/"
"https://opensource.guide/zh-cn/code-of-conduct/","text/html; charset=utf-8","200","OK","Indexable","","行为准则 | Open Source Guides","25","284","社区的长远发展和健康成长，离不开一些行为准则，需要遵守并执行。","31","434","","0","行为准则","4","Why do I need a code of conduct?","32","Establishing a code of conduct","30","","","","https://opensource.guide/zh-cn/code-of-conduct/","","","","","23073","138","17.344753","3","","6","3","2.46","5","4","14","14","d259a9f0baa9d86bc505e89a29345f7a","0.02","Thu, 05 Dec 2019 14:36:45 GMT","","","https://opensource.guide/zh-cn/code-of-conduct/"
"https://opensource.guide/id/leadership-and-governance/","text/html; charset=utf-8","200","OK","Indexable","","Kepemimpinan dan Pengelolaan | Open Source Guides","49","490","Mengembangkan proyek open source dapat mengambil keuntungan dari aturan resmi untuk pengambilan keputusan","105","741","","0","Kepemimpinan dan Pengelolaan","28","Memahami pengelolaan untuk proyek Anda yang semakin berkembang","62","Apa contoh dari peran formal yang digunakan pada proyek open source?","68","","","","https://opensource.guide/id/leadership-and-governance/","","","","","32148","1864","43.67482","3","","6","5","4.1","7","6","40","38","66fc27c9a894f6d2c5f19e163211f478","0.024","Thu, 05 Dec 2019 14:36:45 GMT","","","https://opensource.guide/id/leadership-and-governance/"
"https://opensource.guide/ta/leadership-and-governance/","text/html; charset=utf-8","200","OK","Indexable","","தலைமை மற்றும் ஆளுமை | Open Source Guides","40","449","வளர்ந்து வரும் திறந்த மூல திட்டங்கள் முடிவுகளை எடுக்க முறையான விதிகளால் நன்மை அடைய முடியும்.","92","699","","0","தலைமை மற்றும் ஆளுமை","19","உங்கள் வளரும் திட்டத்திற்கான ஆளுமையை புரிந்துகொள்ளுதல்","54","திறந்த மூல திட்டங்களில் பயன்படுத்தப்படும் முறையான பாத்திரங்களுக்கு எடுத்துக்காட்டுகள் என்ன?","91","","","","https://opensource.guide/ta/leadership-and-governance/","","","","","58415","1541","44.01899","3","","6","5","4.1","7","6","40","38","e7573d983e14b042d5223b9e098d320c","0.026","Thu, 05 Dec 2019 14:36:45 GMT","","","https://opensource.guide/ta/leadership-and-governance/"
"https://opensource.guide/fr/leadership-and-governance/","text/html; charset=utf-8","200","OK","Indexable","","Leadership et Gouvernance | Open Source Guides","46","451","Les projets open source en croissance peuvent bénéficier de règles formelles pour prendre des décisions.","104","672","","0","Leadership et Gouvernance","25","Comprendre la gouvernance pour votre projet en croissance","57","Quels sont les exemples de rôles formels utilisés dans les projets open source","78","","","","https://opensource.guide/fr/leadership-and-governance/","","","","","33896","2376","45.637707","3","","6","5","4.1","7","6","40","38","a541bdf2fe2f5a89ffb0fa7b2169531f","0.026","Thu, 05 Dec 2019 14:36:45 GMT","","","https://opensource.guide/fr/leadership-and-governance/"
"https://opensource.guide/pt/leadership-and-governance/","text/html; charset=utf-8","200","OK","Indexable","","Liderança e Governança | Open Source Guides","43","423","Projetos de open source em expansão podem se beneficiar de regras formais para tomar decisões.","94","632","","0","Liderança e Governança","22","Entendendo a governança para seu projeto em crescimento","55","Quais são os exemplos de papéis formais usados em projetos open source?","71","","","","https://opensource.guide/pt/leadership-and-governance/","","","","","32794","2242","44.22654","3","","6","5","4.1","7","6","40","38","8df2c61d78c7125bef420ce34f069a32","0.025","Thu, 05 Dec 2019 14:36:45 GMT","","","https://opensource.guide/pt/leadership-and-governance/"
"https://opensource.guide/de/leadership-and-governance/","text/html; charset=utf-8","200","OK","Indexable","","Führung und Lenkung | Open Source Guides","40","399","Wachsende Open-Source-Projekte können von formellen Entscheidungsfindungsregeln profitieren.","92","625","","0","Führung und Lenkung","19","Die Lenkungen eines wachsenden Projektes verstehen","50","Welche formalen Rollen kann es in Open-Source-Projekten geben?","62","","","","https://opensource.guide/de/leadership-and-governance/","","","","","34884","2204","47.520565","3","","6","5","4.1","7","6","41","40","83fdbdeca865c714db4fe4385b1fdcc4","0.033","Thu, 05 Dec 2019 14:36:45 GMT","","","https://opensource.guide/de/leadership-and-governance/"
"https://opensource.guide/zh-cn/leadership-and-governance/","text/html; charset=utf-8","200","OK","Indexable","","领导力和治理 | Open Source Guides","27","324","决策有了较正式的规则，可让开源项目野蛮生长。","22","308","","0","领导力和治理","6","Understanding governance for your growing project","49","What are examples of formal roles used in open source projects?","63","","","","https://opensource.guide/zh-cn/leadership-and-governance/","","","","","30584","265","22.4221","3","","5","5","4.1","7","6","40","38","4d1e8f8843783be9fb922c1057ef0862","0.028","Thu, 05 Dec 2019 14:36:45 GMT","","","https://opensource.guide/zh-cn/leadership-and-governance/"
"https://opensource.guide/tr/leadership-and-governance/","text/html; charset=utf-8","200","OK","Indexable","","Liderlik ve Yönetim | Open Source Guides","40","372","Büyüyen açık kaynak projeleri, karar almak için resmi kurallardan yararlanabilir.","81","501","","0","Liderlik ve Yönetim","19","Büyüyen projeniz için yönetimi anlama","37","Açık kaynak projelerde kullanılan resmi rol türleri nelerdir?","61","","","","https://opensource.guide/tr/leadership-and-governance/","","","","","31996","1652","41.968964","3","","6","5","4.1","7","6","40","38","74cfcad1847c937add222e43ac6e3c1f","0.024","Thu, 05 Dec 2019 14:36:45 GMT","","","https://opensource.guide/tr/leadership-and-governance/"
"https://opensource.guide/de/legal/","text/html; charset=utf-8","200","OK","Indexable","","Rechtliche Aspekte von Open-Source-Projekten | Open Source Guides","65","628","Alle Rechtsfragen zu Open-Source-Projekten, über die Sie sich jemals Gedanken gemacht haben, und einige, über die nicht.","120","788","","0","Rechtliche Aspekte von Open-Source-Projekten","44","Die rechtlichen Implikationen von offenem Quellcode verstehen","61","Warum sorgen sich Leute so um Rechtsfragen im Open-Source-Bereich?","66","","","","https://opensource.guide/de/legal/","","","","","41369","2977","54.90445","3","","4","3","2.46","9","6","41","34","8e873b76f51259b592af83453ecf26a","0.028","Thu, 05 Dec 2019 14:36:45 GMT","","","https://opensource.guide/de/legal/"
"https://opensource.guide/pt/legal/","text/html; charset=utf-8","200","OK","Indexable","","O Lado Legal do Open Source | Open Source Guides","48","476","Tudo que você sempre imaginou sobre o lado legal do open source, e algumas coisas que você não pensou.","102","692","","0","O Lado Legal do Open Source","27","Entendendo as implicações legais do open source","47","Por que as pessoas se importam tanto com o lado legal do open source?","69","","","","https://opensource.guide/pt/legal/","","","","","39715","3271","53.50537","3","","4","3","2.46","9","6","40","33","719f486f589c6eb0d168fd2fccd0c2a2","0.027","Thu, 05 Dec 2019 14:36:45 GMT","","","https://opensource.guide/pt/legal/"
"https://opensource.guide/zh-cn/legal/","text/html; charset=utf-8","200","OK","Indexable","","开源的法律保护 | Open Source Guides","28","344","对于开源你应该了解的所有法律知识。","17","238","","0","开源的法律保护","7","Understanding the legal implications of open source","51","Why do people care so much about the legal side of open source?","63","","","","https://opensource.guide/zh-cn/legal/","","","","","34793","269","27.618107","3","","4","3","2.46","7","5","40","33","78010b62ba33c695b5b44284f0f13d61","0.072","Thu, 05 Dec 2019 14:36:45 GMT","","","https://opensource.guide/zh-cn/legal/"
"https://opensource.guide/fr/legal/","text/html; charset=utf-8","200","OK","Indexable","","Le côté légal de l’Open Source | Open Source Guides","51","477","Tout ce que vous avez jamais osé demandé sur le côté juridique de l’open source, et quelques autres.","100","647","","0","Le côté légal de l'Open Source","30","Comprendre les implications juridiques de l’open source","55","Pourquoi les gens se soucient tellement du côté légal de l’open source","70","","","","https://opensource.guide/fr/legal/","","","","","41017","3404","54.798","3","","4","3","2.46","9","6","40","33","c145d8e11c68e56fcd1c2572e0f7d54d","0.027","Thu, 05 Dec 2019 14:36:45 GMT","","","https://opensource.guide/fr/legal/"
"https://opensource.guide/tr/legal/","text/html; charset=utf-8","200","OK","Indexable","","Açık Kaynağın Hukuki Tarafı | Open Source Guides","48","458","Açık kaynağın yasal yönü hakkında merak ettiğiniz her şey ve merak etmediğiniz birkaç şey.","90","581","","0","Açık Kaynağın Hukuki Tarafı","27","Açık kaynağın yasal etkilerini anlama","37","İnsanlar neden açık kaynağın yasal tarafını bu kadar önemsiyorlar?","66","","","","https://opensource.guide/tr/legal/","","","","","39672","2424","51.873123","3","","4","3","2.46","9","6","40","33","e5e850708d47dd0b704872180338cce3","0.025","Thu, 05 Dec 2019 14:36:45 GMT","","","https://opensource.guide/tr/legal/"
"https://opensource.guide/id/legal/","text/html; charset=utf-8","200","OK","Indexable","","Sisi Hukum dari Open Source | Open Source Guides","48","467","Segala sesuatu yang pernah Anda tanyakan tentang sisi hukum open source, dan beberapa hal yang tidak Anda inginkan","114","770","","0","Sisi Hukum dari Open Source","27","Memahami implikasi hukum dari open source","41","Kenapa orang-orang begitu perhatian terhadap sisi hukum dari open source?","73","","","","https://opensource.guide/id/legal/","","","","","39736","2892","53.977184","3","","4","3","2.46","9","6","40","33","1b92d58bdfa044ae2c5714635df31d23","0.029","Thu, 05 Dec 2019 14:36:45 GMT","","","https://opensource.guide/id/legal/"
"https://opensource.guide/ta/legal/","text/html; charset=utf-8","200","OK","Indexable","","திறந்த மூல சட்டப் பிரிவு | Open Source Guides","45","441","திறந்த மூலத்தின் சட்ட பக்கத்தைப் பற்றி நீங்கள் எப்போதாவது யோசித்ததுண்டா, மற்றும் நீங்கள் யோசிக்காத சில விடயங்கள்.","113","737","","0","திறந்த மூல சட்டப் பிரிவு","24","திறந்த மூலத்தின் சட்ட உட்குறிப்புகளை புரிந்துகொள்வது","52","திறந்த மூலத்தின் சட்ட பக்கத்தைப் பற்றி மக்கள் ஏன் அதிகம் கவலைப்படுகிறார்கள்?","76","","","","https://opensource.guide/ta/legal/","","","","","78520","2289","52.74554","3","","4","3","2.46","9","6","39","33","93a540cf85a5b4f74f4a01afb0623558","0.031","Thu, 05 Dec 2019 14:36:45 GMT","","","https://opensource.guide/ta/legal/"
"https://opensource.guide/zh-cn/building-community/","text/html; charset=utf-8","200","OK","Indexable","","打造受欢迎的社区 | Open Source Guides","29","364","打造人们愿意使用、贡献、并主动宣传的人气社区。","23","322","","0","打造受欢迎的社区","8","Setting your project up for success","35","Growing your community","22","","","","https://opensource.guide/zh-cn/building-community/","","","","","38907","231","26.188322","3","","7","7","5.74","12","6","40","40","6ef5e9680ccafba97c9d60b0c8934a3f","0.071","Thu, 05 Dec 2019 14:36:45 GMT","","","https://opensource.guide/zh-cn/building-community/"
"https://opensource.guide/id/building-community/","text/html; charset=utf-8","200","OK","Indexable","","Membangun Komunitas yang Ramah | Open Source Guides","51","534","Membangun komunitas yang mendorong orang lain untuk menggunakan, berkontribusi, dan mempromosikan proyek Anda.","110","782","","0","Membangun Komunitas yang Ramah","30","Mengarahkan proyek Anda untuk kesuksesan","40","Mengembangkan komunitas Anda","28","","","","https://opensource.guide/id/building-community/","","","","","43631","3079","52.86476","3","","8","8","6.56","14","8","43","43","c21c015b185aecf9d2117a9faedba0bf","0.026","Thu, 05 Dec 2019 14:36:45 GMT","","","https://opensource.guide/id/building-community/"
"https://opensource.guide/ta/building-community/","text/html; charset=utf-8","200","OK","Indexable","","வரவேற்பு சமூகங்களை உருவாக்குதல் | Open Source Guides","52","569","உங்கள் திட்டத்தை மக்களுக்கு பயன்படுத்தவும், பங்களிக்கவும், ஊக்கப்படுத்தவும் ஒரு சமூகத்தை உருவாக்குங்கள்.","104","751","","0","வரவேற்பு சமூகங்களை உருவாக்குதல்","31","வெற்றிக்கு உங்கள் திட்டத்தை அமைத்தல்","36","உங்கள் சமூகத்தை வளர்த்தல்","25","","","","https://opensource.guide/ta/building-community/","","","","","88029","2521","51.683296","3","","8","8","6.56","14","8","43","43","c6620f44f89bae1841e874d020682d5a","0.03","Thu, 05 Dec 2019 14:36:45 GMT","","","https://opensource.guide/ta/building-community/"
"https://opensource.guide/fr/building-community/","text/html; charset=utf-8","200","OK","Indexable","","Construire des communautés accueillantes | Open Source Guides","61","586","Construire une communauté qui encourage les gens à utiliser, contribuer et évangéliser votre projet.","100","635","","0","Construire des communautés accueillantes","40","Mise en place de votre projet pour le succès","44","Cultiver votre communauté","25","","","","https://opensource.guide/fr/building-community/","","","","","45601","3774","54.049755","3","","8","8","6.56","14","8","42","42","31e5e162020bc6ef95ebf298515c4cda","0.032","Thu, 05 Dec 2019 14:36:45 GMT","","","https://opensource.guide/fr/building-community/"
"https://opensource.guide/pt/building-community/","text/html; charset=utf-8","200","OK","Indexable","","Construindo Comunidades Acolhedoras | Open Source Guides","56","555","Como construir uma comunidade que encoraje pessoas a utilizarem, contribuirem e evangelizarem o seu projeto","107","715","","0","Construindo Comunidades Acolhedoras","35","Preparando o seu projeto para o sucesso","39","Fazendo sua comunidade crescer","30","","","","https://opensource.guide/pt/building-community/","","","","","43832","3620","52.282757","3","","8","8","6.56","14","8","43","43","e4452c4bc6923cfcf63464f3dd6b83b8","0.028","Thu, 05 Dec 2019 14:36:45 GMT","","","https://opensource.guide/pt/building-community/"
"https://opensource.guide/tr/building-community/","text/html; charset=utf-8","200","OK","Indexable","","Misafirperver Topluluklar Oluşturma | Open Source Guides","56","521","İnsanları projenizi kullanmaya, katkıda bulunmaya ve uyarlamaya teşvik eden bir topluluk oluşturmak.","100","640","","0","Misafirperver Topluluklar Oluşturma","35","Projenizi başarı için hazırlamak","32","Topluluğunuzu büyütmek","22","","","","https://opensource.guide/tr/building-community/","","","","","43983","2647","50.695908","3","","8","8","6.56","14","8","44","44","b3a9ddd53732200dfd6b39e7c198033a","0.028","Thu, 05 Dec 2019 14:36:45 GMT","","","https://opensource.guide/tr/building-community/"
"https://opensource.guide/de/building-community/","text/html; charset=utf-8","200","OK","Indexable","","Offenherzige Gemeinschaften aufbauen | Open Source Guides","57","560","Bauen Sie eine Community auf, die Menschen ermutigt, Ihr Projekt zu nutzen, zu unterstützen und weiter zu verbreiten.","117","755","","0","Offenherzige Gemeinschaften aufbauen","36","Ihr Projekt zum Erfolg führen","29","Ihre Nutzergemeinschaft vergrößern","34","","","","https://opensource.guide/de/building-community/","","","","","48541","3916","56.4204","3","","8","8","6.56","14","8","44","44","261b3f262e2d1ba963520fcf23a3c343","0.063","Thu, 05 Dec 2019 14:36:45 GMT","","","https://opensource.guide/de/building-community/"
"https://opensource.guide/finding-users","text/html","301","Moved Permanently","Non-Indexable","Redirected","","0","0","","0","0","","0","","0","","0","","0","","","","","","","","","162","0","0.0","3","","1","1","0.82","0","0","0","0","","0.02","","https://opensource.guide/finding-users/","HTTP Redirect","https://opensource.guide/finding-users"
"https://opensource.guide/id/how-to-contribute/","text/html; charset=utf-8","200","OK","Indexable","","Bagaimana Berkontribusi pada Open Source | Open Source Guides","61","600","Ingin berkontribusi pada open source? Sebuah panduan untuk melakukan kontribusi open source, untuk pemula dan veteran.","118","795","","0","Bagaimana Berkontribusi pada Open Source","40","Mengapa berkontribusi pada open source?","39","Apa artinya berkontribusi","25","","","","https://opensource.guide/id/how-to-contribute/","","","","","57664","4220","54.451622","3","","6","6","4.92","6","5","51","51","14dfccb24f0447f8ffe5e2a523b109a5","0.072","Thu, 05 Dec 2019 14:36:45 GMT","","","https://opensource.guide/id/how-to-contribute/"
"https://opensource.guide/de/how-to-contribute/","text/html; charset=utf-8","200","OK","Indexable","","Wie zu Open Source beitragen? | Open Source Guides","50","489","Möchten Sie zu Open Source beitragen? Hier finden Sie einen Leitfaden für Einsteiger und Fortgeschrittene.","106","685","","0","Wie zu Open Source beitragen?","29","Warum eigentlich zu Open-Source-Projekten beitragen?","52","Was “einen Beitrag leisten” bedeutet","36","","","","https://opensource.guide/de/how-to-contribute/","","","","","62311","5048","56.004017","3","","6","6","4.92","6","5","60","59","cc6af5e291246d50825c05ed84dfcbc2","0.102","Thu, 05 Dec 2019 14:36:45 GMT","","","https://opensource.guide/de/how-to-contribute/"
"https://opensource.guide/ta/how-to-contribute/","text/html; charset=utf-8","200","OK","Indexable","","திறந்த மூலத்திற்கு எவ்வாறு பங்களிப்பது | Open Source Guides","59","590","திறந்த மூலத்திற்கு பங்களிக்க விரும்புகிறீர்களா? புதியவர்கள் மற்றும் துறைத்தேர்ந்தோர்க்கான, திறந்த மூல பங்களிப்புகளை உருவாக்கும் ஒரு வழிகாட்டி.","142","919","","0","திறந்த மூலத்திற்கு எவ்வாறு பங்களிப்பது","38","ஏன் திறந்த மூலத்திற்கு பங்களிக்க வேண்டும்?","42","பங்களிப்பதின் அர்த்தம் என்ன","27","","","","https://opensource.guide/ta/how-to-contribute/","","","","","113381","3306","53.598106","3","","6","6","4.92","6","5","53","53","946756b2bebb9eb759cb989c65b47e49","0.029","Thu, 05 Dec 2019 14:36:45 GMT","","","https://opensource.guide/ta/how-to-contribute/"
"https://opensource.guide/tr/how-to-contribute/","text/html; charset=utf-8","200","OK","Indexable","","Açık Kaynağa Nasıl Katkıda Bulunulur | Open Source Guides","57","541","Açık kaynağa katkıda bulunmak ister misiniz? İlk defa yapanlar ve tecrübeliler için katkı yapma rehberi.","104","648","","0","Açık Kaynağa Nasıl Katkıda Bulunulur","36","Açık kaynağa neden katkıda bulunmalıyım?","40","Katkıda bulunmak ne demektir?","29","","","","https://opensource.guide/tr/how-to-contribute/","","","","","57558","3603","51.513653","3","","6","6","4.92","6","5","56","56","c0efffc1894c2be0582a3c83f2a818fa","0.045","Thu, 05 Dec 2019 14:36:45 GMT","","","https://opensource.guide/tr/how-to-contribute/"
"https://opensource.guide/pt/how-to-contribute/","text/html; charset=utf-8","200","OK","Indexable","","Como Contribuir para o Open Source | Open Source Guides","55","536","Quer contribuir para o open source? Um guia sobre como fazer contribuições, para novatos e veteranos.","101","665","","0","Como Contribuir para o Open Source","34","Por que contribuir para o open source?","38","O que significa contribuir","26","","","","https://opensource.guide/pt/how-to-contribute/","","","","","55657","4567","52.122997","3","","6","6","4.92","6","5","54","54","f991b89bfa78c09fef2741abbaa9f085","0.026","Thu, 05 Dec 2019 14:36:45 GMT","","","https://opensource.guide/pt/how-to-contribute/"
"https://opensource.guide/zh-cn/how-to-contribute/","text/html; charset=utf-8","200","OK","Indexable","","如何为开源做贡献 | Open Source Guides","29","364","想为开源贡献力量？本指南针为”菜鸟”和初学者而准备！","26","346","","0","如何为开源做贡献","8","Why contribute to open source?","30","What it means to contribute","27","","","","https://opensource.guide/zh-cn/how-to-contribute/","","","","","52070","586","28.907616","3","","6","6","4.92","6","5","50","50","e0bf7285f9d8626ba855c2a1fafcadb6","0.03","Thu, 05 Dec 2019 14:36:45 GMT","","","https://opensource.guide/zh-cn/how-to-contribute/"
"https://opensource.guide/fr/how-to-contribute/","text/html; charset=utf-8","200","OK","Indexable","","Comment contribuer à l’Open Source | Open Source Guides","55","535","Vous voulez contribuer à l’open source ? Un guide pour faire des contributions open source, pour les débutants et pour les vétérans.","132","839","","0","Comment contribuer à l'Open Source","34","Pourquoi contribuer à l’open source","35","Que signifie contribuer","23","","","","https://opensource.guide/fr/how-to-contribute/","","","","","58819","4977","54.415447","3","","6","6","4.92","6","5","53","53","99634da51ebdc3b032f6c8df0671b297","0.046","Thu, 05 Dec 2019 14:36:45 GMT","","","https://opensource.guide/fr/how-to-contribute/"
"https://opensource.guide/de/starting-a-project/","text/html; charset=utf-8","200","OK","Indexable","","Ein Open-Source-Projekt anfangen | Open Source Guides","53","515","Erfahren Sie mehr über die Open-Source-Welt und machen Sie sich bereit, Ihr eigenes Projekt zu starten.","103","668","","0","Ein Open-Source-Projekt anfangen","32","Was ist Open Source, und warum?","31","Sollte ich mein eigenes Open-Source-Projekt starten?","52","","","","https://opensource.guide/de/starting-a-project/","","","","","46683","3257","49.67915","3","","7","5","4.1","10","7","58","57","32474147dbfa86cdcb1063bbab32ec79","0.026","Thu, 05 Dec 2019 14:36:45 GMT","","","https://opensource.guide/de/starting-a-project/"
"https://opensource.guide/de/finding-users/","text/html; charset=utf-8","200","OK","Indexable","","Finden Sie Nutzer*innen für Ihr Projekt | Open Source Guides","60","547","Ziehen Sie Ihr Open-Source-Projekt groß, indem Sie es in die Hände zufriedener Anwender*innen legen.","100","662","","0","Finden Sie Nutzer*innen für Ihr Projekt","39","Tue Gutes und rede darüber!","27","Klären Sie Ihre Botschaft","25","","","","https://opensource.guide/de/finding-users/","","","","","31730","2121","43.92922","3","","3","3","2.46","5","4","32","32","ddab818929192aa9e96e555dd7d80161","0.054","Thu, 05 Dec 2019 14:36:45 GMT","","","https://opensource.guide/de/finding-users/"
"https://opensource.guide/de/getting-paid/","text/html; charset=utf-8","200","OK","Indexable","","Für Open-Source-Arbeit bezahlt werden | Open Source Guides","58","559","Verstetigen Sie Ihre Open-Source-Arbeit, indem Sie finanzielle Unterstützung für Ihre Zeit oder Ihr Projekt erhalten.","117","727","","0","Für Open-Source-Arbeit bezahlt werden","37","Warum manche Menschen finanzielle Unterstützung suchen","54","Die eigene Arbeitszeit finanzieren","34","","","","https://opensource.guide/de/getting-paid/","","","","","35087","2181","44.457874","3","","1","1","0.82","5","4","56","54","47a118d45082c994f5176ce4c6e17091","0.023","Thu, 05 Dec 2019 14:36:45 GMT","","","https://opensource.guide/de/getting-paid/"
"https://opensource.guide/de/metrics/","text/html; charset=utf-8","200","OK","Indexable","","Open-Source-Metriken | Open Source Guides","41","407","Treffen Sie fundierte Entscheidungen und helfen Sie Ihrem Open-Source-Projekt, indem Sie dessen Erfolg messen und verfolgen.","124","821","","0","Open-Source-Metriken","20","Warum überhaupt etwas messen?","29","Entdeckt werden","15","","","","https://opensource.guide/de/metrics/","","","","","25811","1386","38.704266","3","","3","3","2.46","5","4","17","17","3ac1eee219c563b5b6c6a3f0bb5abad","0.025","Thu, 05 Dec 2019 14:36:45 GMT","","","https://opensource.guide/de/metrics/"
"https://opensource.guide/de/best-practices/","text/html; charset=utf-8","200","OK","Indexable","","Gute Maintainer-Praxis | Open Source Guides","43","409","Erleichtern Sie Ihr Leben als Open-Source-Maintainer! Von der Dokumentation von Prozessen bis zum Einsatz Ihrer Community.","122","813","","0","Gute Maintainer-Praxis","22","Was bedeutet es, eine Software instand zu halten?","49","Dokumentieren Sie Ihre Prozesse","31","","","","https://opensource.guide/de/best-practices/","","","","","47182","3866","56.340897","3","","6","5","4.1","6","5","54","52","8defd79b17b6f0b164b12b098133c1ee","0.024","Thu, 05 Dec 2019 14:36:45 GMT","","","https://opensource.guide/de/best-practices/"
"https://opensource.guide/ta/finding-users/","text/html; charset=utf-8","200","OK","Indexable","","உங்கள் திட்டத்திற்கான பயனர்களைக் கண்டறிதல் | Open Source Guides","63","648","மகிழ்ச்சியான பயனர்களின் கைகளில் தருவதன் மூலம் உங்கள் திறந்த மூல திட்டத்தை வளர உதவுங்கள்.","88","652","","0","உங்கள் திட்டத்திற்கான பயனர்களைக் கண்டறிதல்","42","வார்த்தை பரப்புதல்","18","உங்கள் செய்தியைக் கண்டறியவும்","29","","","","https://opensource.guide/ta/finding-users/","","","","","50717","1302","40.483704","3","","3","3","2.46","5","4","32","32","32dec53e8fdbf7438b2b3581a605a7e6","0.03","Thu, 05 Dec 2019 14:36:45 GMT","","","https://opensource.guide/ta/finding-users/"
"https://opensource.guide/ta/best-practices/","text/html; charset=utf-8","200","OK","Indexable","","பராமரிப்பாளர்களுக்கான சிறந்த நடைமுறைகள் | Open Source Guides","60","636","திறந்த மூல பராமரிப்பாளராக உங்கள் வாழ்க்கையை எளிதாக்குவது, உங்கள் சமூகத்தை செயல்படுத்துவதற்கான செயல்முறைகளை ஆவணப்படுத்துதல்.","123","970","","0","பராமரிப்பாளர்களுக்கான சிறந்த நடைமுறைகள்","39","ஒரு பராமரிப்பாளராக இருப்பது எதை அர்த்தப்படுத்துகிறது?","53","உங்கள் செயல்முறைகளை ஆவணப்படுத்துதல்","35","","","","https://opensource.guide/ta/best-practices/","","","","","84003","2403","52.96638","3","","6","5","4.1","6","5","51","49","256a98f3551b284887822f015874bb0c","0.028","Thu, 05 Dec 2019 14:36:45 GMT","","","https://opensource.guide/ta/best-practices/"
"https://opensource.guide/ta/starting-a-project/","text/html; charset=utf-8","200","OK","Indexable","","திறந்த மூல திட்டத்தைத் தொடங்குவது | Open Source Guides","54","549","திறந்த மூல உலகத்தைப் பற்றி மேலும் அறிந்து உங்கள் சொந்த திட்டத்தைத் தொடங்க தயாராகுங்கள்.","87","572","","0","திறந்த மூல திட்டத்தைத் தொடங்குவது","33","திறந்த மூலத்தின் “என்ன” மற்றும் “ஏன்”","37","எனது சொந்த திறந்த மூல திட்டத்தை நான் தொடங்க வேண்டுமா?","53","","","","https://opensource.guide/ta/starting-a-project/","","","","","84084","2405","48.630028","3","","7","5","4.1","10","7","57","56","288ed75ea6fffa8b4b022ff9ba6145e6","0.07","Thu, 05 Dec 2019 14:36:45 GMT","","","https://opensource.guide/ta/starting-a-project/"
"https://opensource.guide/ta/getting-paid/","text/html; charset=utf-8","200","OK","Indexable","","திறந்த மூல வேலைக்கு பணம் பெறுதல் | Open Source Guides","53","570","உங்கள் நேரத்தை அல்லது உங்கள் திட்டத்திற்கான நிதி ஆதாரத்தை பெறுவதன் மூலம் திறந்த மூலத்தில் உங்கள் பணியைத் தொடரவும்.","114","839","","0","திறந்த மூல வேலைக்கு பணம் பெறுதல்","32","ஏன் சிலர் நிதி ஆதரவை நாடுகின்றனர்","33","உங்கள் நேரத்திற்கான நிதிநல்கல்","30","","","","https://opensource.guide/ta/getting-paid/","","","","","56019","1429","40.555103","3","","1","1","0.82","5","4","56","54","260ee40fd0d8671c9fa6561168b422a5","0.025","Thu, 05 Dec 2019 14:36:45 GMT","","","https://opensource.guide/ta/getting-paid/"
"https://opensource.guide/ta/metrics/","text/html; charset=utf-8","200","OK","Indexable","","திறந்த மூல அளவீடுகள் | Open Source Guides","41","431","உங்கள் திறந்த மூல திட்டத்தை வெற்றிகரமாக அளவிட்டு, அதன் வெற்றியை கண்காணிப்பதன் மூலம் அறிவுறுத்தப்பட்ட முடிவுகளை எடுங்கள்.","120","915","","0","திறந்த மூல அளவீடுகள்","20","ஏன் எதையும் அளவிட வேண்டுமா?","27","கண்டுபிடித்தல்","14","","","","https://opensource.guide/ta/metrics/","","","","","44638","1068","39.513275","3","","3","3","2.46","5","4","14","14","439c44c44ca3a8ba4078c71678684d1","0.025","Thu, 05 Dec 2019 14:36:45 GMT","","","https://opensource.guide/ta/metrics/"
"https://opensource.guide/zh-cn/starting-a-project/","text/html; charset=utf-8","200","OK","Indexable","","开启一个开源项目 | Open Source Guides","29","364","从开源的世界汲取智慧，然后开始准备着手发起开源项目。","26","364","","0","开启一个开源项目","8","The “what” and “why” of open source","35","我应该启动自己的开源项目吗？","14","","","","https://opensource.guide/zh-cn/starting-a-project/","","","","","39528","363","22.54654","3","","6","4","3.28","10","7","57","56","a2395b47fba90d11cae556dcb0682ff7","0.029","Thu, 05 Dec 2019 14:36:45 GMT","","","https://opensource.guide/zh-cn/starting-a-project/"
"https://opensource.guide/zh-cn/metrics/","text/html; charset=utf-8","200","OK","Indexable","","开源衡量标准 | Open Source Guides","27","324","通过持续的追踪项目，帮助你作出最佳决策，以让开源项目更成功。","30","420","","0","开源衡量标准","6","为什么要度量这一切？","10","探索","2","","","","https://opensource.guide/zh-cn/metrics/","","","","","23769","132","17.129477","3","","3","3","2.46","5","4","14","14","1070c9afd881ea4af8f5ed98efe012c0","0.022","Thu, 05 Dec 2019 14:36:45 GMT","","","https://opensource.guide/zh-cn/metrics/"
"https://opensource.guide/zh-cn/finding-users/","text/html; charset=utf-8","200","OK","Indexable","","为项目寻找合适的用户 | Open Source Guides","31","404","通过找到称心如意的用户，帮助开源项目成长。","21","294","","0","为项目寻找合适的用户","10","Spreading the word","18","Figure out your message","23","","","","https://opensource.guide/zh-cn/finding-users/","","","","","26639","199","18.727676","3","","3","3","2.46","5","4","32","32","7c899b7a1f05e905c1f625e2236e98e5","0.024","Thu, 05 Dec 2019 14:36:45 GMT","","","https://opensource.guide/zh-cn/finding-users/"
"https://opensource.guide/zh-cn/best-practices/","text/html; charset=utf-8","200","OK","Indexable","","维护者最佳实践 | Open Source Guides","28","344","身为开源的维护者，如何轻松驾驭项目？本指南从文档流程到有效利用社区来展开。","37","518","","0","维护者最佳实践","7","What does it mean to be a maintainer?","37","Documenting your processes","26","","","","https://opensource.guide/zh-cn/best-practices/","","","","","37774","257","26.457417","3","","6","5","4.1","6","5","48","46","962f818fc8f03376f0a0b5714680622a","0.065","Thu, 05 Dec 2019 14:36:45 GMT","","","https://opensource.guide/zh-cn/best-practices/"
"https://opensource.guide/zh-cn/getting-paid/","text/html; charset=utf-8","200","OK","Indexable","","通过为开源工作获得报酬 | Open Source Guides","32","424","为了让你能够持续的为开源项目，理应得到相应的经济上的报酬。","29","406","","0","通过为开源工作获得报酬","11","Why some people seek financial support","38","Funding your own time","21","","","","https://opensource.guide/zh-cn/getting-paid/","","","","","29217","214","19.172014","3","","1","1","0.82","5","4","49","47","4c996e797e856f035525d5bd8b2fee9a","0.024","Thu, 05 Dec 2019 14:36:45 GMT","","","https://opensource.guide/zh-cn/getting-paid/"
"https://opensource.guide/fr/starting-a-project/","text/html; charset=utf-8","200","OK","Indexable","","Lancer un projet Open Source | Open Source Guides","49","473","En savoir plus sur le monde de l’open source et préparez-vous à lancer votre propre projet.","91","578","","0","Lancer un projet Open Source","28","Le ""quoi"" et le ""pourquoi"" de l’open source","43","Dois-je lancer mon propre projet open source","44","","","","https://opensource.guide/fr/starting-a-project/","","","","","45934","3527","49.424164","3","","7","5","4.1","10","7","54","53","69142fba6ebaf7738d325521d9b2ea2","0.026","Thu, 05 Dec 2019 14:36:45 GMT","","","https://opensource.guide/fr/starting-a-project/"
"https://opensource.guide/fr/getting-paid/","text/html; charset=utf-8","200","OK","Indexable","","Etre payé pour faire de l’Open Source | Open Source Guides","58","541","Soutenez votre travail en open source en obtenant un soutien financier pour votre temps ou votre projet.","104","661","","0","Etre payé pour faire de l'Open Source","37","Pourquoi certaines personnes cherchent un soutien financier","59","Financer votre temps","20","","","","https://opensource.guide/fr/getting-paid/","","","","","33203","2111","41.616123","3","","1","1","0.82","5","4","56","54","721cb66c49ca489f9d0b8c58ea60335d","0.026","Thu, 05 Dec 2019 14:36:45 GMT","","","https://opensource.guide/fr/getting-paid/"
"https://opensource.guide/fr/finding-users/","text/html; charset=utf-8","200","OK","Indexable","","Trouver des utilisateurs pour votre projet | Open Source Guides","63","565","Aidez votre projet open source à se développer en le mettant entre les mains d’utilisateurs satisfaits.","103","634","","0","Trouver des utilisateurs pour votre projet","42","Passer le mot","13","Bien concevoir votre message","28","","","","https://opensource.guide/fr/finding-users/","","","","","29822","1926","40.61262","3","","3","3","2.46","5","4","32","32","bf1b6f94d20723479ba898024f8dcc8c","0.031","Thu, 05 Dec 2019 14:36:45 GMT","","","https://opensource.guide/fr/finding-users/"
"https://opensource.guide/fr/metrics/","text/html; charset=utf-8","200","OK","Indexable","","Metriques Open Source | Open Source Guides","42","416","Prendre des décisions éclairées pour aider votre projet open source à prospérer en mesurant et en suivant son succès.","117","756","","0","Metriques Open Source","21","Pourquoi tout mesurer","21","Découverte","10","","","","https://opensource.guide/fr/metrics/","","","","","25881","1545","38.795303","3","","3","3","2.46","5","4","14","14","c1fab0f840f6a1e70d9e1240c4d7c231","0.027","Thu, 05 Dec 2019 14:36:45 GMT","","","https://opensource.guide/fr/metrics/"
"https://opensource.guide/fr/best-practices/","text/html; charset=utf-8","200","OK","Indexable","","Bonnes Pratiques pour les Responsables | Open Source Guides","59","569","Facilitez vous la vie en tant que responsable open source, de la documentation des processus à l’exploitation de votre communauté.","130","838","","0","Bonnes Pratiques pour les Responsables","38","Que signifie être un responsable","32","Documentez vos processus","24","","","","https://opensource.guide/fr/best-practices/","","","","","44044","3679","53.637123","3","","6","5","4.1","6","5","50","48","150332b265f365c74b4c66e468ea686e","0.025","Thu, 05 Dec 2019 14:36:45 GMT","","","https://opensource.guide/fr/best-practices/"
"https://opensource.guide/tr/finding-users/","text/html; charset=utf-8","200","OK","Indexable","","Projeniz için Kullanıcı Bulma | Open Source Guides","50","454","Açık kaynaklı projenizin, mutlu kullanıcıların eline geçerek büyümesini sağlayın.","81","501","","0","Projeniz için Kullanıcı Bulma","29","Duyurmak","8","Mesajını ilet","13","","","","https://opensource.guide/tr/finding-users/","","","","","28903","1319","37.96283","3","","3","3","2.46","5","4","32","32","5307e1ca7616b6d9d848982fc8ac6589","0.075","Thu, 05 Dec 2019 14:36:45 GMT","","","https://opensource.guide/tr/finding-users/"
"https://opensource.guide/pt/finding-users/","text/html; charset=utf-8","200","OK","Indexable","","Encontrando Usuários para Seu Projeto | Open Source Guides","58","557","Ajude seu projeto open source a crescer, colocando-o nas mãos de usuários felizes.","82","535","","0","Encontrando Usuários para Seu Projeto","37","Espalhando a palavra","20","Descubra sua mensagem","21","","","","https://opensource.guide/pt/finding-users/","","","","","28797","1795","38.94659","3","","3","3","2.46","5","4","33","33","98a2a248e4cffe370ae403a0b97ab3f9","0.024","Thu, 05 Dec 2019 14:36:45 GMT","","","https://opensource.guide/pt/finding-users/"
"https://opensource.guide/id/finding-users/","text/html; charset=utf-8","200","OK","Indexable","","Menemukan Pengguna untuk Proyek Anda | Open Source Guides","57","585","Membantu proyek open source Anda untuk berkembang dengan cara menyampaikannya ke pengguna yang senang dengan proyek Anda","120","875","","0","Menemukan Pengguna untuk Proyek Anda","36","Menyebarkan kata","16","Menentukan pesan Anda","21","","","","https://opensource.guide/id/finding-users/","","","","","29095","1607","40.05245","3","","3","3","2.46","5","4","32","32","9c1638191c6c6055976154535cd30e63","0.033","Thu, 05 Dec 2019 14:36:45 GMT","","","https://opensource.guide/id/finding-users/"
"https://opensource.guide/pt/metrics/","text/html; charset=utf-8","200","OK","Indexable","","Métricas do Open Source | Open Source Guides","44","432","Tome decisões bem embasadas para ajudar o seu projeto open source a prosperar, medindo e acompanhando seu sucesso.","114","797","","0","Métricas do Open Source","23","Por que medir algo?","19","Descubra","8","","","","https://opensource.guide/pt/metrics/","","","","","24903","1437","36.78727","3","","3","3","2.46","5","4","14","14","913e4bda5d3782507e0cdc3706b97607","0.071","Thu, 05 Dec 2019 14:36:45 GMT","","","https://opensource.guide/pt/metrics/"
"https://opensource.guide/pt/getting-paid/","text/html; charset=utf-8","200","OK","Indexable","","Sendo Pago por Trabalhos Open Source | Open Source Guides","57","566","Mantenha seu trabalho open source conseguindo suporte financeiro por seu tempo ou seu projeto.","94","628","","0","Sendo Pago por Trabalhos Open Source","36","Por que algumas pessoas buscam suporte financeiro","49","Financiando o seu próprio tempo","31","","","","https://opensource.guide/pt/getting-paid/","","","","","33206","2049","40.003662","3","","1","1","0.82","5","4","63","61","52bf5162b3656ae5792b0bc50ee51fb6","0.023","Thu, 05 Dec 2019 14:36:45 GMT","","","https://opensource.guide/pt/getting-paid/"
"https://opensource.guide/pt/starting-a-project/","text/html; charset=utf-8","200","OK","Indexable","","Iniciando um Projeto Open Source | Open Source Guides","53","510","Saiba mais sobre o mundo do open source e se prepare para começar o seu próprio projeto","87","586","","0","Iniciando um Projeto Open Source","32","O “o que” e “porquê” do open source","35","Eu deveria lançar o meu próprio projeto open source?","52","","","","https://opensource.guide/pt/starting-a-project/","","","","","44370","3333","47.216045","3","","7","5","4.1","10","7","57","56","14e7ec79cdfef9ad0ba691672b9f256d","0.07","Thu, 05 Dec 2019 14:36:45 GMT","","","https://opensource.guide/pt/starting-a-project/"
"https://opensource.guide/pt/best-practices/","text/html; charset=utf-8","200","OK","Indexable","","Melhores Práticas para Mantenedores | Open Source Guides","56","544","Tornando sua vida mais fácil como um mantenedor open source, desde processos de documentação até o alavancar da sua comunidade.","127","878","","0","Melhores Práticas para Mantenedores","35","O que significa ser um mantenedor?","34","Documentando seus processos","27","","","","https://opensource.guide/pt/best-practices/","","","","","42246","3398","51.90491","3","","6","5","4.1","6","5","50","48","716bb6dedac13aa073cf645955f90ee6","0.026","Thu, 05 Dec 2019 14:36:45 GMT","","","https://opensource.guide/pt/best-practices/"
"https://opensource.guide/tr/best-practices/","text/html; charset=utf-8","200","OK","Indexable","","Geliştiriciler İçin Örnek Yöntemler | Open Source Guides","56","501","Belgelendirme işlemlerinden topluluğunuzu güçlendirmeye kadar açık bir kaynak geliştiricisi olarak hayatınızı kolaylaştırın.","124","769","","0","Geliştiriciler İçin Örnek Yöntemler","35","Geliştirici olmak ne demektir?","30","İşlemlerinizi belgeleme","23","","","","https://opensource.guide/tr/best-practices/","","","","","43230","2608","51.19815","3","","6","5","4.1","6","5","53","51","4a2bdb7290b89f624b9e57cc8b1323a2","0.033","Thu, 05 Dec 2019 14:36:45 GMT","","","https://opensource.guide/tr/best-practices/"
"https://opensource.guide/id/best-practices/","text/html; charset=utf-8","200","OK","Indexable","","Kiat Baik untuk Pengelola | Open Source Guides","46","430","Mempermudah hidup Anda sebagai pengelola open source, mulai dari mendokumentasikan proses hingga memberdayakan komunitas Anda.","126","897","","0","Kiat Baik untuk Pengelola","25","Apa artinya menjadi pengelola?","30","Mendokumentasikan proses Anda","29","","","","https://opensource.guide/id/best-practices/","","","","","42462","3033","53.01888","3","","6","5","4.1","6","5","49","47","7354ee24d08e91bb4bf4bd9c4b0fda9a","0.062","Thu, 05 Dec 2019 14:36:45 GMT","","","https://opensource.guide/id/best-practices/"
"https://opensource.guide/tr/starting-a-project/","text/html; charset=utf-8","200","OK","Indexable","","Açık Kaynaklı bir Projeye Başlamak | Open Source Guides","55","519","Açık kaynak dünyası hakkında daha fazla bilgi edinin ve kendi projenizi başlatmaya hazır olun.","94","595","","0","Açık Kaynaklı bir Projeye Başlamak","34","Açık kaynağın “nedir”i ve “neden”i","34","Kendi açık kaynak projemi başlatmalı mıyım?","43","","","","https://opensource.guide/tr/starting-a-project/","","","","","44096","2423","45.91423","3","","7","5","4.1","10","7","56","55","465f5e16ce5b89503a8868f6faacd484","0.067","Thu, 05 Dec 2019 14:36:45 GMT","","","https://opensource.guide/tr/starting-a-project/"
"https://opensource.guide/id/starting-a-project/","text/html; charset=utf-8","200","OK","Indexable","","Memulai Proyek Open Source | Open Source Guides","47","471","Pelajari lebih lanjut tentang dunia open source dan bersiap-siap untuk merilis proyek Anda sendiri.","99","621","","0","Memulai Proyek Open Source","26","“Apa” dan “kenapa” open source","30","Perlukah saya merilis proyek open source saya sendiri?","54","","","","https://opensource.guide/id/starting-a-project/","","","","","45059","2993","48.954067","3","","7","5","4.1","10","8","56","55","cf4749eaef6d40c84e950c2c3346fa79","0.068","Thu, 05 Dec 2019 14:36:45 GMT","","","https://opensource.guide/id/starting-a-project/"
"https://opensource.guide/tr/getting-paid/","text/html; charset=utf-8","200","OK","Indexable","","Açık Kaynak Çalışmalar İçin Ödeme Alma | Open Source Guides","59","576","Zamanınız veya projeniz için maddi destek alarak açık kaynak çabanızı sürdürün.","79","515","","0","Açık Kaynak Çalışmalar İçin Ödeme Alma","38","Neden bazı insanlar finansal destek ister?","42","Kendi zamanınızı fonlamak","25","","","","https://opensource.guide/tr/getting-paid/","","","","","33010","1569","38.565746","3","","1","1","0.82","5","4","62","60","fa52505c0af114dc3a22e80f3e73a40","0.026","Thu, 05 Dec 2019 14:36:45 GMT","","","https://opensource.guide/tr/getting-paid/"
"https://opensource.guide/tr/metrics/","text/html; charset=utf-8","200","OK","Indexable","","Açık Kaynak Ölçümleri | Open Source Guides","42","405","Açık kaynaklı projenizin başarısını ölçüp izleyerek gelişmesine yardımcı olmak için bilinçli kararlar alın.","107","644","","0","Açık Kaynak Ölçümleri","21","Neden her şeyi ölçmeli?","23","Keşif","5","","","","https://opensource.guide/tr/metrics/","","","","","25359","1080","36.38492","3","","3","3","2.46","5","4","14","14","ac2a908bbc299d546c955850dd8bf248","0.022","Thu, 05 Dec 2019 14:36:45 GMT","","","https://opensource.guide/tr/metrics/"
"https://opensource.guide/id/getting-paid/","text/html; charset=utf-8","200","OK","Indexable","","Dibayar untuk Pekerjaan Open Source | Open Source Guides","56","546","Pertahankan pekerjaan Anda pada open source dengan mendapatkan dukungan finansial untuk waktu Anda pada proyek.","111","774","","0","Dibayar untuk Pekerjaan Open Source","35","Kenapa beberapa orang mencari dukungan finansial","48","Mendanai waktu Anda sendiri","27","","","","https://opensource.guide/id/getting-paid/","","","","","32190","1740","40.538013","3","","1","1","0.82","5","4","56","54","1123d1f976c8f7045c128c30d5f3fc65","0.026","Thu, 05 Dec 2019 14:36:45 GMT","","","https://opensource.guide/id/getting-paid/"
"https://opensource.guide/id/metrics/","text/html; charset=utf-8","200","OK","Indexable","","Metrik Open Source | Open Source Guides","39","383","Buat keputusan yang tepat untuk membantu proyek open source Anda berkembang dengan mengukur dan melacak kesuksesannya.","118","843","","0","Metrik Open Source","18","Kenapa mengukur segalanya?","26","Penemuan","8","","","","https://opensource.guide/id/metrics/","","","","","25211","1287","38.248867","3","","3","3","2.46","5","4","14","14","95d76d22f8e90c250bdc2627004e484","0.025","Thu, 05 Dec 2019 14:36:45 GMT","","","https://opensource.guide/id/metrics/"
"https://opensource.guide/ko/finding-users","text/html","301","Moved Permanently","Non-Indexable","Redirected","","0","0","","0","0","","0","","0","","0","","0","","","","","","","","","162","0","0.0","4","","1","1","0.82","0","0","0","0","","0.063","","https://opensource.guide/ko/finding-users/","HTTP Redirect","https://opensource.guide/ko/finding-users"
"https://opensource.guide/es/finding-users","text/html","301","Moved Permanently","Non-Indexable","Redirected","","0","0","","0","0","","0","","0","","0","","0","","","","","","","","","162","0","0.0","4","","1","1","0.82","0","0","0","0","","0.065","","https://opensource.guide/es/finding-users/","HTTP Redirect","https://opensource.guide/es/finding-users"
"https://opensource.guide/id/finding-users","text/html","301","Moved Permanently","Non-Indexable","Redirected","","0","0","","0","0","","0","","0","","0","","0","","","","","","","","","162","0","0.0","4","","1","1","0.82","0","0","0","0","","0.069","","https://opensource.guide/id/finding-users/","HTTP Redirect","https://opensource.guide/id/finding-users"
"https://opensource.guide/ta/finding-users","text/html","301","Moved Permanently","Non-Indexable","Redirected","","0","0","","0","0","","0","","0","","0","","0","","","","","","","","","162","0","0.0","4","","1","1","0.82","0","0","0","0","","0.065","","https://opensource.guide/ta/finding-users/","HTTP Redirect","https://opensource.guide/ta/finding-users"
"https://opensource.guide/fr/finding-users","text/html","301","Moved Permanently","Non-Indexable","Redirected","","0","0","","0","0","","0","","0","","0","","0","","","","","","","","","162","0","0.0","4","","1","1","0.82","0","0","0","0","","0.09","","https://opensource.guide/fr/finding-users/","HTTP Redirect","https://opensource.guide/fr/finding-users"
"https://opensource.guide/pt/finding-users","text/html","301","Moved Permanently","Non-Indexable","Redirected","","0","0","","0","0","","0","","0","","0","","0","","","","","","","","","162","0","0.0","4","","1","1","0.82","0","0","0","0","","0.069","","https://opensource.guide/pt/finding-users/","HTTP Redirect","https://opensource.guide/pt/finding-users"
"https://opensource.guide/tr/finding-users","text/html","301","Moved Permanently","Non-Indexable","Redirected","","0","0","","0","0","","0","","0","","0","","0","","","","","","","","","162","0","0.0","4","","1","1","0.82","0","0","0","0","","0.06","","https://opensource.guide/tr/finding-users/","HTTP Redirect","https://opensource.guide/tr/finding-users"
"https://opensource.guide/de/finding-users","text/html","301","Moved Permanently","Non-Indexable","Redirected","","0","0","","0","0","","0","","0","","0","","0","","","","","","","","","162","0","0.0","4","","1","1","0.82","0","0","0","0","","0.046","","https://opensource.guide/de/finding-users/","HTTP Redirect","https://opensource.guide/de/finding-users"
